<xml xmlns="http://www.w3.org/1999/xhtml"><block type="pyb_led_create" x="3" y="9"><field name="VAR">led_red</field><value name="ID"><shadow type="math_number"><field name="NUM">1</field></shadow></value><next><block type="pyb_led_create"><field name="VAR">led_grn</field><value name="ID"><shadow type="math_number"><field name="NUM">2</field></shadow></value><next><block type="pyb_led_create"><field name="VAR">led_yel</field><value name="ID"><shadow type="math_number"><field name="NUM">3</field></shadow></value><next><block type="pyb_led_create"><field name="VAR">led_blu</field><value name="ID"><shadow type="math_number"><field name="NUM">4</field></shadow></value><next><block type="loops_whileUntil"><field name="MODE">WHILE</field><value name="BOOL"><shadow type="logic_boolean"><field name="BOOL">TRUE</field></shadow></value><statement name="DO"><block type="pyb_led_on"><value name="TUR"><shadow type="variables_get"><field name="VAR">led_red</field></shadow></value><next><block type="pyb_led_on"><value name="TUR"><shadow type="variables_get"><field name="VAR">led_yel</field></shadow></value><next><block type="pyb_led_off"><value name="TUR"><shadow type="variables_get"><field name="VAR">led_grn</field></shadow></value><next><block type="pyb_led_off"><value name="TUR"><shadow type="variables_get"><field name="VAR">led_blu</field></shadow></value><next><block type="loops_delay"><field name="Time">ms</field><value name="DELAY_TIME"><shadow type="math_number"><field name="NUM">1000</field></shadow></value><next><block type="pyb_led_on"><value name="TUR"><shadow type="variables_get"><field name="VAR">led_blu</field></shadow></value><next><block type="pyb_led_on"><value name="TUR"><shadow type="variables_get"><field name="VAR">led_grn</field></shadow></value><next><block type="pyb_led_off"><value name="TUR"><shadow type="variables_get"><field name="VAR">led_red</field></shadow></value><next><block type="pyb_led_off"><value name="TUR"><shadow type="variables_get"><field name="VAR">led_yel</field></shadow></value><next><block type="loops_delay"><field name="Time">ms</field><value name="DELAY_TIME"><shadow type="math_number"><field name="NUM">1000</field></shadow></value></block></next></block></next></block></next></block></next></block></next></block></next></block></next></block></next></block></next></block></statement></block></next></block></next></block></next></block></next></block></xml>