<xml xmlns="http://www.w3.org/1999/xhtml"><block type="pyb_led_create" x="68" y="-59"><field name="VAR">pyb_led</field><value name="ID"><shadow type="math_number"><field name="NUM">1</field></shadow></value><next><block type="pyb_pin_create_pull"><field name="VAR">key</field><field name="DIR1">Pin.IN</field><field name="DIR2">Pin.PULL_UP</field><value name="ID"><shadow type="text"><field name="TEXT">X17</field></shadow></value><next><block type="variables_set"><field name="VAR">last</field><value name="VALUE"><block type="math_number"><field name="NUM">1</field></block></value><next><block type="variables_set"><field name="VAR">current</field><value name="VALUE"><block type="math_number"><field name="NUM">1</field></block></value><next><block type="loops_whileUntil"><field name="MODE">WHILE</field><value name="BOOL"><shadow type="logic_boolean"><field name="BOOL">TRUE</field></shadow></value><statement name="DO"><block type="math_selfCreate"><value name="A"><shadow type="variables_get"><field name="VAR">last</field></shadow></value><value name="B"><shadow type="math_number" id="[S^$U_bYhl#|*0*!OQN!"><field name="NUM">1</field></shadow><block type="variables_get"><field name="VAR">current</field></block></value><next><block type="math_selfCreate"><value name="A"><shadow type="variables_get"><field name="VAR">current</field></shadow></value><value name="B"><shadow type="math_number" id="[S^$U_bYhl#|*0*!OQN!"><field name="NUM">1</field></shadow><block type="pyb_pin_value"><value name="TUR"><shadow type="variables_get"><field name="VAR">key</field></shadow></value></block></value><next><block type="loops_if"><value name="IF0"><block type="logic_operation"><field name="OP">AND</field><value name="A"><block type="logic_compare"><field name="OP">EQ</field><value name="A"><block type="variables_get"><field name="VAR">last</field></block></value><value name="B"><block type="math_number"><field name="NUM">1</field></block></value></block></value><value name="B"><block type="logic_compare"><field name="OP">EQ</field><value name="A"><block type="variables_get"><field name="VAR">current</field></block></value><value name="B"><block type="math_number"><field name="NUM">0</field></block></value></block></value></block></value><statement name="DO0"><block type="pyb_led_toggle"><value name="TUR"><shadow type="variables_get"><field name="VAR">pyb_led</field></shadow></value></block></statement></block></next></block></next></block></statement></block></next></block></next></block></next></block></next></block></xml>