<xml xmlns="http://www.w3.org/1999/xhtml"><block type="pyb_led_create" x="83" y="-4"><field name="VAR">led_red</field><value name="ID"><shadow type="math_number"><field name="NUM">1</field></shadow></value><next><block type="pyb_led_create"><field name="VAR">led_grn</field><value name="ID"><shadow type="math_number"><field name="NUM">2</field></shadow></value><next><block type="pyb_led_create"><field name="VAR">led_yel</field><value name="ID"><shadow type="math_number"><field name="NUM">3</field></shadow></value><next><block type="pyb_led_create"><field name="VAR">led_blu</field><value name="ID"><shadow type="math_number"><field name="NUM">4</field></shadow></value><next><block type="text_print"><value name="data"><shadow type="text"><field name="TEXT">我是呼吸灯</field></shadow></value><next><block type="loops_whileUntil"><field name="MODE">WHILE</field><value name="BOOL"><shadow type="logic_boolean"><field name="BOOL">TRUE</field></shadow></value><statement name="DO"><block type="text_print"><value name="data"><shadow type="text"><field name="TEXT">逐渐变亮</field></shadow></value><next><block type="math_selfCreate"><value name="A"><shadow type="variables_get"><field name="VAR">x</field></shadow></value><value name="B"><shadow type="math_number"><field name="NUM">1</field></shadow></value><next><block type="loops_whileUntil"><field name="MODE">WHILE</field><value name="BOOL"><shadow type="logic_boolean"><field name="BOOL">TRUE</field></shadow></value><statement name="DO"><block type="math_selfCreate"><value name="A"><shadow type="variables_get"><field name="VAR">i</field></shadow></value><value name="B"><shadow type="math_number"><field name="NUM">8</field></shadow></value><next><block type="loops_whileUntilVar"><value name="VAR"><shadow type="variables_get"><field name="VAR">i</field></shadow></value><statement name="DO"><block type="pyb_led_on"><value name="TUR"><shadow type="variables_get"><field name="VAR">led_red</field></shadow></value><next><block type="loops_delay"><field name="Time">ms</field><value name="DELAY_TIME"><shadow type="math_number" id="ci|]8ROsD1Qh(Eon8lfu"><field name="NUM">1</field></shadow><block type="variables_get"><field name="VAR">x</field></block></value><next><block type="pyb_led_off"><value name="TUR"><shadow type="variables_get"><field name="VAR">led_red</field></shadow></value><next><block type="loops_delay"><field name="Time">ms</field><value name="DELAY_TIME"><shadow type="math_number" id="}_[NO%Ma-_aNpIp??G`j"><field name="NUM">10</field></shadow><block type="math_arithmetic"><field name="OP">MINUS</field><value name="A"><shadow type="math_number"><field name="NUM">25</field></shadow></value><value name="B"><shadow type="math_number" id="UDUa[z8wd}oz`)iB$/Uy"><field name="NUM">1</field></shadow><block type="variables_get"><field name="VAR">x</field></block></value></block></value><next><block type="math_selfCreate"><value name="A"><shadow type="variables_get" id="?6_pyiJym64S(]008Pi?"><field name="VAR">a</field></shadow><block type="variables_get"><field name="VAR">i</field></block></value><value name="B"><shadow type="math_number" id="GT@4POP_(*Tz)z-RH*6z"><field name="NUM">1</field></shadow><block type="math_arithmetic"><field name="OP">MINUS</field><value name="A"><shadow type="math_number" id="3m*79#U)YMbST;GUtCCf"><field name="NUM">1</field></shadow><block type="variables_get"><field name="VAR">i</field></block></value><value name="B"><shadow type="math_number"><field name="NUM">1</field></shadow></value></block></value></block></next></block></next></block></next></block></next></block></statement><next><block type="math_selfCreate"><value name="A"><shadow type="variables_get" id="?6_pyiJym64S(]008Pi?"><field name="VAR">a</field></shadow><block type="variables_get"><field name="VAR">x</field></block></value><value name="B"><shadow type="math_number" id="GT@4POP_(*Tz)z-RH*6z"><field name="NUM">1</field></shadow><block type="math_arithmetic"><field name="OP">ADD</field><value name="A"><shadow type="math_number" id="O%bVl5w+:s/2hYa_:6!f"><field name="NUM">1</field></shadow><block type="variables_get"><field name="VAR">x</field></block></value><value name="B"><shadow type="math_number"><field name="NUM">1</field></shadow></value></block></value><next><block type="loops_if"><value name="IF0"><block type="logic_compare"><field name="OP">EQ</field><value name="A"><block type="variables_get"><field name="VAR">x</field></block></value><value name="B"><block type="math_number"><field name="NUM">25</field></block></value></block></value><statement name="DO0"><block type="loops_flow_statements"><field name="FLOW">BREAK</field></block></statement></block></next></block></next></block></next></block></statement><next><block type="text_print"><value name="data"><shadow type="text"><field name="TEXT">逐渐变暗</field></shadow></value><next><block type="math_selfCreate"><value name="A"><shadow type="variables_get"><field name="VAR">x</field></shadow></value><value name="B"><shadow type="math_number"><field name="NUM">25</field></shadow></value><next><block type="loops_whileUntil"><field name="MODE">WHILE</field><value name="BOOL"><shadow type="logic_boolean"><field name="BOOL">TRUE</field></shadow></value><statement name="DO"><block type="math_selfCreate"><value name="A"><shadow type="variables_get"><field name="VAR">i</field></shadow></value><value name="B"><shadow type="math_number"><field name="NUM">8</field></shadow></value><next><block type="loops_whileUntilVar"><value name="VAR"><shadow type="variables_get"><field name="VAR">i</field></shadow></value><statement name="DO"><block type="pyb_led_on"><value name="TUR"><shadow type="variables_get"><field name="VAR">led_red</field></shadow></value><next><block type="loops_delay"><field name="Time">ms</field><value name="DELAY_TIME"><shadow type="math_number" id="ci|]8ROsD1Qh(Eon8lfu"><field name="NUM">1</field></shadow><block type="variables_get"><field name="VAR">x</field></block></value><next><block type="pyb_led_off"><value name="TUR"><shadow type="variables_get"><field name="VAR">led_red</field></shadow></value><next><block type="loops_delay"><field name="Time">ms</field><value name="DELAY_TIME"><shadow type="math_number" id="}_[NO%Ma-_aNpIp??G`j"><field name="NUM">10</field></shadow><block type="math_arithmetic"><field name="OP">MINUS</field><value name="A"><shadow type="math_number"><field name="NUM">25</field></shadow></value><value name="B"><shadow type="math_number" id="UDUa[z8wd}oz`)iB$/Uy"><field name="NUM">1</field></shadow><block type="variables_get"><field name="VAR">x</field></block></value></block></value><next><block type="math_selfCreate"><value name="A"><shadow type="variables_get" id="?6_pyiJym64S(]008Pi?"><field name="VAR">a</field></shadow><block type="variables_get"><field name="VAR">i</field></block></value><value name="B"><shadow type="math_number" id="GT@4POP_(*Tz)z-RH*6z"><field name="NUM">1</field></shadow><block type="math_arithmetic"><field name="OP">MINUS</field><value name="A"><shadow type="math_number" id="3m*79#U)YMbST;GUtCCf"><field name="NUM">1</field></shadow><block type="variables_get"><field name="VAR">i</field></block></value><value name="B"><shadow type="math_number"><field name="NUM">1</field></shadow></value></block></value></block></next></block></next></block></next></block></next></block></statement><next><block type="math_selfCreate"><value name="A"><shadow type="variables_get" id="?6_pyiJym64S(]008Pi?"><field name="VAR">a</field></shadow><block type="variables_get"><field name="VAR">x</field></block></value><value name="B"><shadow type="math_number" id="GT@4POP_(*Tz)z-RH*6z"><field name="NUM">1</field></shadow><block type="math_arithmetic"><field name="OP">MINUS</field><value name="A"><shadow type="math_number" id="O%bVl5w+:s/2hYa_:6!f"><field name="NUM">1</field></shadow><block type="variables_get"><field name="VAR">x</field></block></value><value name="B"><shadow type="math_number"><field name="NUM">1</field></shadow></value></block></value><next><block type="loops_if"><value name="IF0"><block type="logic_compare"><field name="OP">EQ</field><value name="A"><block type="variables_get"><field name="VAR">x</field></block></value><value name="B"><block type="math_number"><field name="NUM">0</field></block></value></block></value><statement name="DO0"><block type="loops_flow_statements"><field name="FLOW">BREAK</field></block></statement></block></next></block></next></block></next></block></statement></block></next></block></next></block></next></block></next></block></next></block></statement></block></next></block></next></block></next></block></next></block></next></block></xml>