<xml xmlns="http://www.w3.org/1999/xhtml"><block type="pyb_pin_create_mode" x="150" y="89"><field name="VAR">x1</field><field name="DIR">Pin.OUT_PP</field><value name="ID"><shadow type="text"><field name="TEXT">X2</field></shadow></value><next><block type="pyb_pin_create_mode"><field name="VAR">x2</field><field name="DIR">Pin.OUT_PP</field><value name="ID"><shadow type="text"><field name="TEXT">X1</field></shadow></value><next><block type="pyb_pin_create_mode"><field name="VAR">x3</field><field name="DIR">Pin.OUT_PP</field><value name="ID"><shadow type="text"><field name="TEXT">X3</field></shadow></value><next><block type="pyb_pin_create_mode"><field name="VAR">x4</field><field name="DIR">Pin.OUT_PP</field><value name="ID"><shadow type="text"><field name="TEXT">X4</field></shadow></value><next><block type="pyb_pin_create_mode"><field name="VAR">x5</field><field name="DIR">Pin.OUT_PP</field><value name="ID"><shadow type="text"><field name="TEXT">X5</field></shadow></value><next><block type="pyb_pin_create_mode"><field name="VAR">x6</field><field name="DIR">Pin.OUT_PP</field><value name="ID"><shadow type="text"><field name="TEXT">X6</field></shadow></value><next><block type="pyb_pin_create_mode"><field name="VAR">x7</field><field name="DIR">Pin.OUT_PP</field><value name="ID"><shadow type="text"><field name="TEXT">X8</field></shadow></value><next><block type="pyb_pin_create_mode"><field name="VAR">x8</field><field name="DIR">Pin.OUT_PP</field><value name="ID"><shadow type="text"><field name="TEXT">X7</field></shadow></value><next><block type="pyb_pin_create_mode"><field name="VAR">y1</field><field name="DIR">Pin.OUT_PP</field><value name="ID"><shadow type="text"><field name="TEXT">Y2</field></shadow></value><next><block type="pyb_pin_create_mode"><field name="VAR">y2</field><field name="DIR">Pin.OUT_PP</field><value name="ID"><shadow type="text"><field name="TEXT">Y1</field></shadow></value><next><block type="pyb_pin_create_mode"><field name="VAR">y3</field><field name="DIR">Pin.OUT_PP</field><value name="ID"><shadow type="text"><field name="TEXT">Y3</field></shadow></value><next><block type="pyb_pin_create_mode"><field name="VAR">y4</field><field name="DIR">Pin.OUT_PP</field><value name="ID"><shadow type="text"><field name="TEXT">X12</field></shadow></value><next><block type="pyb_pin_create_mode"><field name="VAR">y5</field><field name="DIR">Pin.OUT_PP</field><value name="ID"><shadow type="text"><field name="TEXT">Y5</field></shadow></value><next><block type="pyb_pin_create_mode"><field name="VAR">y6</field><field name="DIR">Pin.OUT_PP</field><value name="ID"><shadow type="text"><field name="TEXT">Y6</field></shadow></value><next><block type="pyb_pin_create_mode"><field name="VAR">y7</field><field name="DIR">Pin.OUT_PP</field><value name="ID"><shadow type="text"><field name="TEXT">Y8</field></shadow></value><next><block type="pyb_pin_create_mode"><field name="VAR">y8</field><field name="DIR">Pin.OUT_PP</field><value name="ID"><shadow type="text"><field name="TEXT">Y7</field></shadow></value><next><block type="lists_create_with"><mutation items="8"></mutation><field name="VAR">x</field><value name="ADD0"><block type="variables_get"><field name="VAR">x1</field></block></value><value name="ADD1"><block type="variables_get"><field name="VAR">x2</field></block></value><value name="ADD2"><block type="variables_get"><field name="VAR">x3</field></block></value><value name="ADD3"><block type="variables_get"><field name="VAR">x4</field></block></value><value name="ADD4"><block type="variables_get"><field name="VAR">x5</field></block></value><value name="ADD5"><block type="variables_get"><field name="VAR">x6</field></block></value><value name="ADD6"><block type="variables_get"><field name="VAR">x7</field></block></value><value name="ADD7"><block type="variables_get"><field name="VAR">x8</field></block></value><next><block type="lists_create_with"><mutation items="8"></mutation><field name="VAR">y</field><value name="ADD0"><block type="variables_get"><field name="VAR">y1</field></block></value><value name="ADD1"><block type="variables_get"><field name="VAR">y2</field></block></value><value name="ADD2"><block type="variables_get"><field name="VAR">y3</field></block></value><value name="ADD3"><block type="variables_get"><field name="VAR">y4</field></block></value><value name="ADD4"><block type="variables_get"><field name="VAR">y5</field></block></value><value name="ADD5"><block type="variables_get"><field name="VAR">y6</field></block></value><value name="ADD6"><block type="variables_get"><field name="VAR">y7</field></block></value><value name="ADD7"><block type="variables_get"><field name="VAR">y8</field></block></value><next><block type="text_print"><value name="data"><shadow type="text"><field name="TEXT">初始化</field></shadow></value><next><block type="loops_forEach"><field name="VAR">i</field><value name="LIST"><shadow type="list_many_input" id="n?+xQ-{TEA/@?)F@6^c="><field name="CONTENT">0,1,2,3</field></shadow><block type="variables_get"><field name="VAR">x</field></block></value><statement name="DO"><block type="pyb_pin_setvalue"><value name="TUR"><shadow type="variables_get"><field name="VAR">i</field></shadow></value><value name="VAL"><shadow type="math_number"><field name="NUM">1</field></shadow></value></block></statement><next><block type="loops_forEach"><field name="VAR">i</field><value name="LIST"><shadow type="list_many_input" id="n?+xQ-{TEA/@?)F@6^c="><field name="CONTENT">0,1,2,3</field></shadow><block type="variables_get"><field name="VAR">y</field></block></value><statement name="DO"><block type="pyb_pin_setvalue"><value name="TUR"><shadow type="variables_get"><field name="VAR">i</field></shadow></value><value name="VAL"><shadow type="math_number"><field name="NUM">1</field></shadow></value></block></statement><next><block type="text_print"><value name="data"><shadow type="text"><field name="TEXT">点亮某一行</field></shadow></value><next><block type="loops_forEach"><field name="VAR">i</field><value name="LIST"><shadow type="list_many_input" id="n?+xQ-{TEA/@?)F@6^c="><field name="CONTENT">0,1,2,3</field></shadow><block type="variables_get"><field name="VAR">y</field></block></value><statement name="DO"><block type="pyb_pin_setvalue"><value name="TUR"><shadow type="variables_get"><field name="VAR">i</field></shadow></value><value name="VAL"><shadow type="math_number"><field name="NUM">0</field></shadow></value></block></statement><next><block type="pyb_pin_setvalue"><value name="TUR"><shadow type="variables_get"><field name="VAR">x3</field></shadow></value><value name="VAL"><shadow type="math_number"><field name="NUM">0</field></shadow></value><next><block type="loops_delay"><field name="Time">ms</field><value name="DELAY_TIME"><shadow type="math_number"><field name="NUM">1000</field></shadow></value><next><block type="pyb_pin_setvalue"><value name="TUR"><shadow type="variables_get"><field name="VAR">x3</field></shadow></value><value name="VAL"><shadow type="math_number"><field name="NUM">1</field></shadow></value><next><block type="text_print"><value name="data"><shadow type="text"><field name="TEXT">结束</field></shadow></value></block></next></block></next></block></next></block></next></block></next></block></next></block></next></block></next></block></next></block></next></block></next></block></next></block></next></block></next></block></next></block></next></block></next></block></next></block></next></block></next></block></next></block></next></block></next></block></next></block></next></block></next></block></xml>