<xml xmlns="http://www.w3.org/1999/xhtml"><block type="pyb_pin_create_mode" x="150" y="89"><field name="VAR">x1</field><field name="DIR">Pin.OUT_PP</field><value name="ID"><shadow type="text"><field name="TEXT">X2</field></shadow></value><next><block type="pyb_pin_create_mode"><field name="VAR">x2</field><field name="DIR">Pin.OUT_PP</field><value name="ID"><shadow type="text"><field name="TEXT">X1</field></shadow></value><next><block type="pyb_pin_create_mode"><field name="VAR">x3</field><field name="DIR">Pin.OUT_PP</field><value name="ID"><shadow type="text"><field name="TEXT">X3</field></shadow></value><next><block type="pyb_pin_create_mode"><field name="VAR">x4</field><field name="DIR">Pin.OUT_PP</field><value name="ID"><shadow type="text"><field name="TEXT">X4</field></shadow></value><next><block type="pyb_pin_create_mode"><field name="VAR">x5</field><field name="DIR">Pin.OUT_PP</field><value name="ID"><shadow type="text"><field name="TEXT">X5</field></shadow></value><next><block type="pyb_pin_create_mode"><field name="VAR">x6</field><field name="DIR">Pin.OUT_PP</field><value name="ID"><shadow type="text"><field name="TEXT">X6</field></shadow></value><next><block type="pyb_pin_create_mode"><field name="VAR">x7</field><field name="DIR">Pin.OUT_PP</field><value name="ID"><shadow type="text"><field name="TEXT">X8</field></shadow></value><next><block type="pyb_pin_create_mode"><field name="VAR">x8</field><field name="DIR">Pin.OUT_PP</field><value name="ID"><shadow type="text"><field name="TEXT">X7</field></shadow></value><next><block type="pyb_pin_create_mode"><field name="VAR">y1</field><field name="DIR">Pin.OUT_PP</field><value name="ID"><shadow type="text"><field name="TEXT">Y2</field></shadow></value><next><block type="pyb_pin_create_mode"><field name="VAR">y2</field><field name="DIR">Pin.OUT_PP</field><value name="ID"><shadow type="text"><field name="TEXT">Y1</field></shadow></value><next><block type="pyb_pin_create_mode"><field name="VAR">y3</field><field name="DIR">Pin.OUT_PP</field><value name="ID"><shadow type="text"><field name="TEXT">Y3</field></shadow></value><next><block type="pyb_pin_create_mode"><field name="VAR">y4</field><field name="DIR">Pin.OUT_PP</field><value name="ID"><shadow type="text"><field name="TEXT">X12</field></shadow></value><next><block type="pyb_pin_create_mode"><field name="VAR">y5</field><field name="DIR">Pin.OUT_PP</field><value name="ID"><shadow type="text"><field name="TEXT">Y5</field></shadow></value><next><block type="pyb_pin_create_mode"><field name="VAR">y6</field><field name="DIR">Pin.OUT_PP</field><value name="ID"><shadow type="text"><field name="TEXT">Y6</field></shadow></value><next><block type="pyb_pin_create_mode"><field name="VAR">y7</field><field name="DIR">Pin.OUT_PP</field><value name="ID"><shadow type="text"><field name="TEXT">Y8</field></shadow></value><next><block type="pyb_pin_create_mode"><field name="VAR">y8</field><field name="DIR">Pin.OUT_PP</field><value name="ID"><shadow type="text"><field name="TEXT">Y7</field></shadow></value><next><block type="lists_create_with"><mutation items="8"></mutation><field name="VAR">row</field><value name="ADD0"><block type="variables_get"><field name="VAR">x1</field></block></value><value name="ADD1"><block type="variables_get"><field name="VAR">x2</field></block></value><value name="ADD2"><block type="variables_get"><field name="VAR">x3</field></block></value><value name="ADD3"><block type="variables_get"><field name="VAR">x4</field></block></value><value name="ADD4"><block type="variables_get"><field name="VAR">x5</field></block></value><value name="ADD5"><block type="variables_get"><field name="VAR">x6</field></block></value><value name="ADD6"><block type="variables_get"><field name="VAR">x7</field></block></value><value name="ADD7"><block type="variables_get"><field name="VAR">x8</field></block></value><next><block type="lists_create_with"><mutation items="8"></mutation><field name="VAR">col</field><value name="ADD0"><block type="variables_get"><field name="VAR">y1</field></block></value><value name="ADD1"><block type="variables_get"><field name="VAR">y2</field></block></value><value name="ADD2"><block type="variables_get"><field name="VAR">y3</field></block></value><value name="ADD3"><block type="variables_get"><field name="VAR">y4</field></block></value><value name="ADD4"><block type="variables_get"><field name="VAR">y5</field></block></value><value name="ADD5"><block type="variables_get"><field name="VAR">y6</field></block></value><value name="ADD6"><block type="variables_get"><field name="VAR">y7</field></block></value><value name="ADD7"><block type="variables_get"><field name="VAR">y8</field></block></value><next><block type="loops_forEach"><field name="VAR">i</field><value name="LIST"><shadow type="list_many_input" id="4Wgl~2;x7.M]^]^+ugea"><field name="CONTENT">0,1,2,3</field></shadow><block type="variables_get"><field name="VAR">row</field></block></value><statement name="DO"><block type="pyb_pin_setvalue"><value name="TUR"><shadow type="variables_get" id="jNHPKK8JH{H596hEq(Sl"><field name="VAR">pyb_pin</field></shadow><block type="variables_get"><field name="VAR">i</field></block></value><value name="VAL"><shadow type="math_number"><field name="NUM">1</field></shadow></value></block></statement><next><block type="loops_forEach"><field name="VAR">i</field><value name="LIST"><shadow type="list_many_input" id="4Wgl~2;x7.M]^]^+ugea"><field name="CONTENT">0,1,2,3</field></shadow><block type="variables_get"><field name="VAR">col</field></block></value><statement name="DO"><block type="pyb_pin_setvalue"><value name="TUR"><shadow type="variables_get" id="jNHPKK8JH{H596hEq(Sl"><field name="VAR">pyb_pin</field></shadow><block type="variables_get"><field name="VAR">i</field></block></value><value name="VAL"><shadow type="math_number"><field name="NUM">1</field></shadow></value></block></statement><next><block type="loops_whileUntil"><field name="MODE">WHILE</field><value name="BOOL"><shadow type="logic_boolean"><field name="BOOL">TRUE</field></shadow></value><statement name="DO"><block type="procedures_callnoreturn"><mutation name="draw_col"><arg name="row_num"></arg><arg name="col_value"></arg></mutation><value name="ARG0"><block type="variables_get"><field name="VAR">x1</field></block></value><value name="ARG1"><block type="lists_create_with_text3"><field name="TEXT">0,0,0,0,0,0,0,0</field></block></value></block></statement></block></next></block></next></block></next></block></next></block></next></block></next></block></next></block></next></block></next></block></next></block></next></block></next></block></next></block></next></block></next></block></next></block></next></block></next></block></next></block></next></block><block type="procedures_defnoreturn" x="342" y="698"><mutation><arg name="row_num"></arg><arg name="col_value"></arg></mutation><field name="NAME">draw_col</field><statement name="STACK"><block type="variables_global"><value name="VAR"><block type="variables_get"><field name="VAR">col</field></block></value><next><block type="pyb_pin_setvalue"><value name="TUR"><shadow type="variables_get" id="jNHPKK8JH{H596hEq(Sl"><field name="VAR">pyb_pin</field></shadow><block type="variables_get"><field name="VAR">row_num</field></block></value><value name="VAL"><shadow type="math_number" id="MZ#T5hn3`U3@oq[:U|u|"><field name="NUM">0</field></shadow><block type="variables_get"><field name="VAR">0</field></block></value><next><block type="variables_set"><field name="VAR">col_index</field><value name="VALUE"><block type="math_number"><field name="NUM">0</field></block></value><next><block type="loops_forEach"><field name="VAR">j</field><value name="LIST"><shadow type="list_many_input" id="4Wgl~2;x7.M]^]^+ugea"><field name="CONTENT">0,1,2,3</field></shadow><block type="variables_get"><field name="VAR">col</field></block></value><statement name="DO"><block type="pyb_pin_setvalue"><value name="TUR"><shadow type="variables_get" id="jNHPKK8JH{H596hEq(Sl"><field name="VAR">pyb_pin</field></shadow><block type="variables_get"><field name="VAR">j</field></block></value><value name="VAL"><shadow type="math_number" id="0;GcENO=msr3+OKJH4xn"><field name="NUM">1</field></shadow><block type="lists_get_index"><value name="LIST"><shadow type="variables_get"><field name="VAR">col_value</field></shadow></value><value name="AT"><shadow type="math_number" id=".(kLGlESFi,DKhWY9Edk"><field name="NUM">1</field></shadow><block type="variables_get"><field name="VAR">col_index</field></block></value></block></value><next><block type="math_selfcalcu"><field name="OP">ADD</field><value name="A"><shadow type="variables_get"><field name="VAR">col_index</field></shadow></value><value name="B"><shadow type="math_number"><field name="NUM">1</field></shadow></value></block></next></block></statement><next><block type="loops_delay"><field name="Time">ms</field><value name="DELAY_TIME"><shadow type="math_number"><field name="NUM">20</field></shadow></value><next><block type="pyb_pin_setvalue"><value name="TUR"><shadow type="variables_get" id="jNHPKK8JH{H596hEq(Sl"><field name="VAR">pyb_pin</field></shadow><block type="variables_get"><field name="VAR">row_num</field></block></value><value name="VAL"><shadow type="math_number"><field name="NUM">1</field></shadow></value></block></next></block></next></block></next></block></next></block></next></block></statement></block></xml>