<xml xmlns="http://www.w3.org/1999/xhtml"><block type="pyb_pin_create_mode" x="150" y="89"><field name="VAR">x1</field><field name="DIR">Pin.OUT_PP</field><value name="ID"><shadow type="text"><field name="TEXT">X2</field></shadow></value><next><block type="pyb_pin_create_mode"><field name="VAR">x2</field><field name="DIR">Pin.OUT_PP</field><value name="ID"><shadow type="text"><field name="TEXT">X1</field></shadow></value><next><block type="pyb_pin_create_mode"><field name="VAR">x3</field><field name="DIR">Pin.OUT_PP</field><value name="ID"><shadow type="text"><field name="TEXT">X3</field></shadow></value><next><block type="pyb_pin_create_mode"><field name="VAR">x4</field><field name="DIR">Pin.OUT_PP</field><value name="ID"><shadow type="text"><field name="TEXT">X4</field></shadow></value><next><block type="pyb_pin_create_mode"><field name="VAR">x5</field><field name="DIR">Pin.OUT_PP</field><value name="ID"><shadow type="text"><field name="TEXT">X5</field></shadow></value><next><block type="pyb_pin_create_mode"><field name="VAR">x6</field><field name="DIR">Pin.OUT_PP</field><value name="ID"><shadow type="text"><field name="TEXT">X6</field></shadow></value><next><block type="pyb_pin_create_mode"><field name="VAR">x7</field><field name="DIR">Pin.OUT_PP</field><value name="ID"><shadow type="text"><field name="TEXT">X8</field></shadow></value><next><block type="pyb_pin_create_mode"><field name="VAR">x8</field><field name="DIR">Pin.OUT_PP</field><value name="ID"><shadow type="text"><field name="TEXT">X7</field></shadow></value><next><block type="pyb_pin_create_mode"><field name="VAR">y1</field><field name="DIR">Pin.OUT_PP</field><value name="ID"><shadow type="text"><field name="TEXT">Y2</field></shadow></value><next><block type="pyb_pin_create_mode"><field name="VAR">y2</field><field name="DIR">Pin.OUT_PP</field><value name="ID"><shadow type="text"><field name="TEXT">Y1</field></shadow></value><next><block type="pyb_pin_create_mode"><field name="VAR">y3</field><field name="DIR">Pin.OUT_PP</field><value name="ID"><shadow type="text"><field name="TEXT">Y3</field></shadow></value><next><block type="pyb_pin_create_mode"><field name="VAR">y4</field><field name="DIR">Pin.OUT_PP</field><value name="ID"><shadow type="text"><field name="TEXT">X12</field></shadow></value><next><block type="pyb_pin_create_mode"><field name="VAR">y5</field><field name="DIR">Pin.OUT_PP</field><value name="ID"><shadow type="text"><field name="TEXT">Y5</field></shadow></value><next><block type="pyb_pin_create_mode"><field name="VAR">y6</field><field name="DIR">Pin.OUT_PP</field><value name="ID"><shadow type="text"><field name="TEXT">Y6</field></shadow></value><next><block type="pyb_pin_create_mode"><field name="VAR">y7</field><field name="DIR">Pin.OUT_PP</field><value name="ID"><shadow type="text"><field name="TEXT">Y8</field></shadow></value><next><block type="pyb_pin_create_mode"><field name="VAR">y8</field><field name="DIR">Pin.OUT_PP</field><value name="ID"><shadow type="text"><field name="TEXT">Y7</field></shadow></value><next><block type="lists_create_with"><mutation items="8"></mutation><field name="VAR">x</field><value name="ADD0"><block type="variables_get"><field name="VAR">x1</field></block></value><value name="ADD1"><block type="variables_get"><field name="VAR">x2</field></block></value><value name="ADD2"><block type="variables_get"><field name="VAR">x3</field></block></value><value name="ADD3"><block type="variables_get"><field name="VAR">x4</field></block></value><value name="ADD4"><block type="variables_get"><field name="VAR">x5</field></block></value><value name="ADD5"><block type="variables_get"><field name="VAR">x6</field></block></value><value name="ADD6"><block type="variables_get"><field name="VAR">x7</field></block></value><value name="ADD7"><block type="variables_get"><field name="VAR">x8</field></block></value><next><block type="lists_create_with"><mutation items="8"></mutation><field name="VAR">y</field><value name="ADD0"><block type="variables_get"><field name="VAR">y1</field></block></value><value name="ADD1"><block type="variables_get"><field name="VAR">y2</field></block></value><value name="ADD2"><block type="variables_get"><field name="VAR">y3</field></block></value><value name="ADD3"><block type="variables_get"><field name="VAR">y4</field></block></value><value name="ADD4"><block type="variables_get"><field name="VAR">y5</field></block></value><value name="ADD5"><block type="variables_get"><field name="VAR">y6</field></block></value><value name="ADD6"><block type="variables_get"><field name="VAR">y7</field></block></value><value name="ADD7"><block type="variables_get"><field name="VAR">y8</field></block></value><next><block type="text_print"><value name="data"><shadow type="text"><field name="TEXT">初始化</field></shadow></value><next><block type="loops_forEach"><field name="VAR">i</field><value name="LIST"><shadow type="list_many_input" id="n?+xQ-{TEA/@?)F@6^c="><field name="CONTENT">0,1,2,3</field></shadow><block type="variables_get"><field name="VAR">x</field></block></value><statement name="DO"><block type="pyb_pin_setvalue"><value name="TUR"><shadow type="variables_get"><field name="VAR">i</field></shadow></value><value name="VAL"><shadow type="math_number"><field name="NUM">1</field></shadow></value></block></statement><next><block type="loops_forEach"><field name="VAR">i</field><value name="LIST"><shadow type="list_many_input" id="n?+xQ-{TEA/@?)F@6^c="><field name="CONTENT">0,1,2,3</field></shadow><block type="variables_get"><field name="VAR">y</field></block></value><statement name="DO"><block type="pyb_pin_setvalue"><value name="TUR"><shadow type="variables_get"><field name="VAR">i</field></shadow></value><value name="VAL"><shadow type="math_number"><field name="NUM">1</field></shadow></value></block></statement><next><block type="text_print"><value name="data"><shadow type="text"><field name="TEXT">滚屏</field></shadow></value><next><block type="lists_create_with"><mutation items="8"></mutation><field name="VAR">lcd_data</field><value name="ADD0"><block type="list_many_input"><field name="CONTENT">1,1,1,1,1,1,1,1</field></block></value><value name="ADD1"><block type="list_many_input"><field name="CONTENT">1,1,1,1,1,1,1,1</field></block></value><value name="ADD2"><block type="list_many_input"><field name="CONTENT">1,1,1,1,1,1,1,1</field></block></value><value name="ADD3"><block type="list_many_input"><field name="CONTENT">1,1,1,0,0,1,1,1</field></block></value><value name="ADD4"><block type="list_many_input"><field name="CONTENT">1,1,1,0,0,1,1,1</field></block></value><value name="ADD5"><block type="list_many_input"><field name="CONTENT">1,1,1,1,1,1,1,1</field></block></value><value name="ADD6"><block type="list_many_input"><field name="CONTENT">1,1,1,1,1,1,1,1</field></block></value><value name="ADD7"><block type="list_many_input"><field name="CONTENT">1,1,1,1,1,1,1,1</field></block></value><next><block type="loops_whileUntil"><field name="MODE">WHILE</field><value name="BOOL"><shadow type="logic_boolean"><field name="BOOL">TRUE</field></shadow></value><statement name="DO"><block type="variables_set"><field name="VAR">times</field><value name="VALUE"><block type="math_number"><field name="NUM">100</field></block></value><next><block type="loops_whileUntilVar"><value name="VAR"><shadow type="variables_get"><field name="VAR">times</field></shadow></value><statement name="DO"><block type="procedures_callnoreturn"><mutation name="lcd_display"><arg name="data"></arg></mutation><value name="ARG0"><block type="variables_get"><field name="VAR">lcd_data</field></block></value><next><block type="math_selfcalcu"><field name="OP">MINUS</field><value name="A"><shadow type="variables_get"><field name="VAR">times</field></shadow></value><value name="B"><shadow type="math_number"><field name="NUM">1</field></shadow></value></block></next></block></statement><next><block type="procedures_callnoreturn"><mutation name="y_move_data"></mutation><next><block type="procedures_callnoreturn"><mutation name="x_move_data"></mutation></block></next></block></next></block></next></block></statement></block></next></block></next></block></next></block></next></block></next></block></next></block></next></block></next></block></next></block></next></block></next></block></next></block></next></block></next></block></next></block></next></block></next></block></next></block></next></block></next></block></next></block></next></block></next></block><block type="procedures_defnoreturn" x="585" y="936"><mutation><arg name="line"></arg><arg name="data"></arg></mutation><field name="NAME">line_display</field><statement name="STACK"><block type="math_selfCreate"><value name="A"><shadow type="variables_get"><field name="VAR">i</field></shadow></value><value name="B"><shadow type="math_number"><field name="NUM">0</field></shadow></value><next><block type="loops_forEach"><field name="VAR">pin</field><value name="LIST"><shadow type="list_many_input" id="n?+xQ-{TEA/@?)F@6^c="><field name="CONTENT">0,1,2,3</field></shadow><block type="variables_get"><field name="VAR">y</field></block></value><statement name="DO"><block type="pyb_pin_setvalue"><value name="TUR"><shadow type="variables_get"><field name="VAR">pin</field></shadow></value><value name="VAL"><shadow type="math_number" id="[V)H#QnHsI~|:eG;X=WS"><field name="NUM">0</field></shadow><block type="lists_get_index"><value name="LIST"><shadow type="variables_get"><field name="VAR">data</field></shadow></value><value name="AT"><shadow type="math_number" id="ZNQ()akrkbnx1l4CVJ1;"><field name="NUM">3</field></shadow><block type="variables_get"><field name="VAR">i</field></block></value></block></value><next><block type="math_selfcalcu"><field name="OP">ADD</field><value name="A"><shadow type="variables_get"><field name="VAR">i</field></shadow></value><value name="B"><shadow type="math_number"><field name="NUM">1</field></shadow></value></block></next></block></statement><next><block type="pyb_pin_setvalue"><value name="TUR"><shadow type="variables_get"><field name="VAR">line</field></shadow></value><value name="VAL"><shadow type="math_number"><field name="NUM">0</field></shadow></value><next><block type="loops_delay"><field name="Time">ms</field><value name="DELAY_TIME"><shadow type="math_number"><field name="NUM">1</field></shadow></value><next><block type="pyb_pin_setvalue"><value name="TUR"><shadow type="variables_get"><field name="VAR">line</field></shadow></value><value name="VAL"><shadow type="math_number"><field name="NUM">1</field></shadow></value></block></next></block></next></block></next></block></next></block></statement></block><block type="procedures_defnoreturn" x="1009" y="1014"><mutation><arg name="data"></arg></mutation><field name="NAME">lcd_display</field><statement name="STACK"><block type="math_selfCreate"><value name="A"><shadow type="variables_get"><field name="VAR">i</field></shadow></value><value name="B"><shadow type="math_number"><field name="NUM">0</field></shadow></value><next><block type="loops_forEach"><field name="VAR">line</field><value name="LIST"><shadow type="list_many_input" id="n?+xQ-{TEA/@?)F@6^c="><field name="CONTENT">0,1,2,3</field></shadow><block type="variables_get"><field name="VAR">x</field></block></value><statement name="DO"><block type="procedures_callnoreturn"><mutation name="line_display"><arg name="line"></arg><arg name="data"></arg></mutation><value name="ARG0"><block type="variables_get"><field name="VAR">line</field></block></value><value name="ARG1"><block type="lists_get_index"><value name="LIST"><shadow type="variables_get" id="@?iDnrSzyzjy87~6n8ky"><field name="VAR">data</field></shadow><block type="variables_get"><field name="VAR">data</field></block></value><value name="AT"><shadow type="math_number" id="ZNQ()akrkbnx1l4CVJ1;"><field name="NUM">3</field></shadow><block type="variables_get"><field name="VAR">i</field></block></value></block></value><next><block type="math_selfcalcu"><field name="OP">ADD</field><value name="A"><shadow type="variables_get"><field name="VAR">i</field></shadow></value><value name="B"><shadow type="math_number"><field name="NUM">1</field></shadow></value></block></next></block></statement></block></next></block></statement></block><block type="procedures_defnoreturn" x="581" y="1338"><field name="NAME">y_move_data</field><statement name="STACK"><block type="math_selfCreate"><value name="A"><shadow type="variables_get"><field name="VAR">i</field></shadow></value><value name="B"><shadow type="math_number"><field name="NUM">0</field></shadow></value><next><block type="variables_set"><field name="VAR">tmp</field><value name="VALUE"><block type="lists_get_index"><value name="LIST"><shadow type="variables_get"><field name="VAR">lcd_data</field></shadow></value><value name="AT"><shadow type="math_number"><field name="NUM">0</field></shadow></value></block></value><next><block type="loops_forEach"><field name="VAR">data</field><value name="LIST"><shadow type="list_many_input" id="n?+xQ-{TEA/@?)F@6^c="><field name="CONTENT">0,1,2,3</field></shadow><block type="variables_get"><field name="VAR">lcd_data</field></block></value><statement name="DO"><block type="loops_if"><value name="IF0"><block type="logic_compare"><field name="OP">NEQ</field><value name="A"><block type="variables_get"><field name="VAR">i</field></block></value><value name="B"><block type="math_number"><field name="NUM">0</field></block></value></block></value><statement name="DO0"><block type="lists_set_index"><value name="LIST"><shadow type="variables_get" id="G=(DNTP|=aH;N@nx5_/t"><field name="VAR">lcd_data</field></shadow><block type="variables_get"><field name="VAR">lcd_data</field></block></value><value name="AT"><shadow type="math_number" id="Wh[+3@H]]zE}PC2ViDo;"><field name="NUM">0</field></shadow><block type="math_arithmetic"><field name="OP">MINUS</field><value name="A"><shadow type="math_number" id="L.NO]Rwa?+^Jj{U`R^_u"><field name="NUM">1</field></shadow><block type="variables_get"><field name="VAR">i</field></block></value><value name="B"><shadow type="math_number"><field name="NUM">1</field></shadow></value></block></value><value name="TO"><shadow type="math_number" id="R.1OG(7G*;zw|,7lWRW."><field name="NUM">0</field></shadow><block type="variables_get"><field name="VAR">data</field></block></value></block></statement><next><block type="math_selfcalcu"><field name="OP">ADD</field><value name="A"><shadow type="variables_get"><field name="VAR">i</field></shadow></value><value name="B"><shadow type="math_number"><field name="NUM">1</field></shadow></value></block></next></block></statement><next><block type="lists_set_index"><value name="LIST"><shadow type="variables_get" id="G=(DNTP|=aH;N@nx5_/t"><field name="VAR">lcd_data</field></shadow><block type="variables_get"><field name="VAR">lcd_data</field></block></value><value name="AT"><shadow type="math_number"><field name="NUM">7</field></shadow></value><value name="TO"><shadow type="math_number" id="R.1OG(7G*;zw|,7lWRW."><field name="NUM">0</field></shadow><block type="variables_get"><field name="VAR">tmp</field></block></value></block></next></block></next></block></next></block></statement></block><block type="procedures_defnoreturn" x="580" y="1757"><field name="NAME">x_move_data</field><statement name="STACK"><block type="loops_forEach"><field name="VAR">data_list</field><value name="LIST"><shadow type="list_many_input" id="n?+xQ-{TEA/@?)F@6^c="><field name="CONTENT">0,1,2,3</field></shadow><block type="variables_get"><field name="VAR">lcd_data</field></block></value><statement name="DO"><block type="math_selfCreate"><value name="A"><shadow type="variables_get"><field name="VAR">i</field></shadow></value><value name="B"><shadow type="math_number"><field name="NUM">0</field></shadow></value><next><block type="variables_set"><field name="VAR">tmp</field><value name="VALUE"><block type="lists_get_index"><value name="LIST"><shadow type="variables_get"><field name="VAR">data_list</field></shadow></value><value name="AT"><shadow type="math_number"><field name="NUM">0</field></shadow></value></block></value><next><block type="loops_forEach"><field name="VAR">data</field><value name="LIST"><shadow type="list_many_input" id="n?+xQ-{TEA/@?)F@6^c="><field name="CONTENT">0,1,2,3</field></shadow><block type="variables_get"><field name="VAR">data_list</field></block></value><statement name="DO"><block type="loops_if"><value name="IF0"><block type="logic_compare"><field name="OP">NEQ</field><value name="A"><block type="variables_get"><field name="VAR">i</field></block></value><value name="B"><block type="math_number"><field name="NUM">0</field></block></value></block></value><statement name="DO0"><block type="lists_set_index"><value name="LIST"><shadow type="variables_get" id="G=(DNTP|=aH;N@nx5_/t"><field name="VAR">lcd_data</field></shadow><block type="variables_get"><field name="VAR">data_list</field></block></value><value name="AT"><shadow type="math_number" id="Wh[+3@H]]zE}PC2ViDo;"><field name="NUM">0</field></shadow><block type="math_arithmetic"><field name="OP">MINUS</field><value name="A"><shadow type="math_number" id="L.NO]Rwa?+^Jj{U`R^_u"><field name="NUM">1</field></shadow><block type="variables_get"><field name="VAR">i</field></block></value><value name="B"><shadow type="math_number"><field name="NUM">1</field></shadow></value></block></value><value name="TO"><shadow type="math_number" id="R.1OG(7G*;zw|,7lWRW."><field name="NUM">0</field></shadow><block type="variables_get"><field name="VAR">data</field></block></value></block></statement><next><block type="math_selfcalcu"><field name="OP">ADD</field><value name="A"><shadow type="variables_get"><field name="VAR">i</field></shadow></value><value name="B"><shadow type="math_number"><field name="NUM">1</field></shadow></value></block></next></block></statement><next><block type="lists_set_index"><value name="LIST"><shadow type="variables_get" id="G=(DNTP|=aH;N@nx5_/t"><field name="VAR">lcd_data</field></shadow><block type="variables_get"><field name="VAR">data_list</field></block></value><value name="AT"><shadow type="math_number"><field name="NUM">7</field></shadow></value><value name="TO"><shadow type="math_number" id="R.1OG(7G*;zw|,7lWRW."><field name="NUM">0</field></shadow><block type="variables_get"><field name="VAR">tmp</field></block></value></block></next></block></next></block></next></block></statement></block></statement></block></xml>