<xml xmlns="http://www.w3.org/1999/xhtml"><block type="procedures_defnoreturn" x="108" y="-358"><mutation><arg name="x"></arg><arg name="y"></arg><arg name="w"></arg><arg name="h"></arg></mutation><field name="NAME">rect</field><statement name="STACK"><block type="turtle_penup"><field name="DIR">penup</field><value name="TUR"><shadow type="variables_get"><field name="VAR">turtle</field></shadow></value><next><block type="turtle_goto"><value name="TUR"><shadow type="variables_get"><field name="VAR">turtle</field></shadow></value><value name="data"><shadow type="math_number" id="mFqYj-]C),G-me]JVN0C"><field name="NUM">20</field></shadow><block type="variables_get"><field name="VAR">x</field></block></value><value name="val"><shadow type="math_number" id="]ZgwG^CUoya:{e?P`PFZ"><field name="NUM">20</field></shadow><block type="variables_get"><field name="VAR">y</field></block></value><next><block type="turtle_penup"><field name="DIR">pendown</field><value name="TUR"><shadow type="variables_get"><field name="VAR">turtle</field></shadow></value><next><block type="loops_forEach"><field name="VAR">i</field><value name="LIST"><shadow type="list_many_input"><field name="CONTENT">0,1</field></shadow></value><statement name="DO"><block type="turtle_move"><value name="TUR"><shadow type="variables_get"><field name="VAR">turtle</field></shadow></value><value name="data"><shadow type="math_number" id="T3VF4bI{9G2)A-ndU{e8"><field name="NUM">50</field></shadow><block type="variables_get"><field name="VAR">h</field></block></value><next><block type="turtle_turn"><field name="DIR">right</field><value name="TUR"><shadow type="variables_get"><field name="VAR">turtle</field></shadow></value><value name="data"><shadow type="math_number"><field name="NUM">90</field></shadow></value><next><block type="turtle_move"><value name="TUR"><shadow type="variables_get"><field name="VAR">turtle</field></shadow></value><value name="data"><shadow type="math_number" id="T3VF4bI{9G2)A-ndU{e8"><field name="NUM">50</field></shadow><block type="variables_get"><field name="VAR">w</field></block></value><next><block type="turtle_turn"><field name="DIR">right</field><value name="TUR"><shadow type="variables_get"><field name="VAR">turtle</field></shadow></value><value name="data"><shadow type="math_number"><field name="NUM">90</field></shadow></value></block></next></block></next></block></next></block></statement></block></next></block></next></block></next></block></statement></block><block type="turtle_create" x="720" y="-377"><field name="VAR">turtle</field><next><block type="text_print"><value name="data"><shadow type="text"><field name="TEXT">剪刀</field></shadow></value><next><block type="turtle_penup"><field name="DIR">penup</field><value name="TUR"><shadow type="variables_get"><field name="VAR">turtle</field></shadow></value><next><block type="turtle_goto"><value name="TUR"><shadow type="variables_get"><field name="VAR">turtle</field></shadow></value><value name="data"><shadow type="math_number"><field name="NUM">-10</field></shadow></value><value name="val"><shadow type="math_number"><field name="NUM">80</field></shadow></value><next><block type="turtle_penup"><field name="DIR">pendown</field><value name="TUR"><shadow type="variables_get"><field name="VAR">turtle</field></shadow></value><next><block type="turtle_turn"><field name="DIR">right</field><value name="TUR"><shadow type="variables_get"><field name="VAR">turtle</field></shadow></value><value name="data"><shadow type="math_number"><field name="NUM">15</field></shadow></value><next><block type="turtle_move"><value name="TUR"><shadow type="variables_get"><field name="VAR">turtle</field></shadow></value><value name="data"><shadow type="math_number"><field name="NUM">30</field></shadow></value><next><block type="turtle_move"><value name="TUR"><shadow type="variables_get"><field name="VAR">turtle</field></shadow></value><value name="data"><shadow type="math_number"><field name="NUM">-40</field></shadow></value><next><block type="turtle_move"><value name="TUR"><shadow type="variables_get"><field name="VAR">turtle</field></shadow></value><value name="data"><shadow type="math_number"><field name="NUM">10</field></shadow></value><next><block type="turtle_turn"><field name="DIR">left</field><value name="TUR"><shadow type="variables_get"><field name="VAR">turtle</field></shadow></value><value name="data"><shadow type="math_number"><field name="NUM">30</field></shadow></value><next><block type="turtle_move"><value name="TUR"><shadow type="variables_get"><field name="VAR">turtle</field></shadow></value><value name="data"><shadow type="math_number"><field name="NUM">30</field></shadow></value><next><block type="turtle_move"><value name="TUR"><shadow type="variables_get"><field name="VAR">turtle</field></shadow></value><value name="data"><shadow type="math_number"><field name="NUM">-40</field></shadow></value><next><block type="turtle_move"><value name="TUR"><shadow type="variables_get"><field name="VAR">turtle</field></shadow></value><value name="data"><shadow type="math_number"><field name="NUM">10</field></shadow></value><next><block type="text_print"><value name="data"><shadow type="text"><field name="TEXT">石头</field></shadow></value><next><block type="turtle_clear"><field name="DIR">home</field><value name="TUR"><shadow type="variables_get"><field name="VAR">turtle</field></shadow></value><next><block type="procedures_callnoreturn"><mutation name="circle"><arg name="x"></arg><arg name="y"></arg><arg name="r"></arg><arg name="angle"></arg><arg name="sides"></arg></mutation><value name="ARG0"><block type="math_number"><field name="NUM">0</field></block></value><value name="ARG1"><block type="math_number"><field name="NUM">0</field></block></value><value name="ARG2"><block type="math_number"><field name="NUM">20</field></block></value><value name="ARG3"><block type="math_number"><field name="NUM">360</field></block></value><value name="ARG4"><block type="math_number"><field name="NUM">8</field></block></value><next><block type="text_print"><value name="data"><shadow type="text"><field name="TEXT">布</field></shadow></value><next><block type="turtle_clear"><field name="DIR">home</field><value name="TUR"><shadow type="variables_get"><field name="VAR">turtle</field></shadow></value><next><block type="procedures_callnoreturn"><mutation name="rect"><arg name="x"></arg><arg name="y"></arg><arg name="w"></arg><arg name="h"></arg></mutation><value name="ARG0"><block type="math_number"><field name="NUM">-20</field></block></value><value name="ARG1"><block type="math_number"><field name="NUM">-80</field></block></value><value name="ARG2"><block type="math_number"><field name="NUM">40</field></block></value><value name="ARG3"><block type="math_number"><field name="NUM">40</field></block></value></block></next></block></next></block></next></block></next></block></next></block></next></block></next></block></next></block></next></block></next></block></next></block></next></block></next></block></next></block></next></block></next></block></next></block></next></block><block type="procedures_defnoreturn" x="18" y="157"><mutation><arg name="x"></arg><arg name="y"></arg><arg name="r"></arg><arg name="angle"></arg><arg name="sides"></arg></mutation><field name="NAME">circle</field><statement name="STACK"><block type="turtle_penup"><field name="DIR">penup</field><value name="TUR"><shadow type="variables_get"><field name="VAR">turtle</field></shadow></value><next><block type="turtle_goto"><value name="TUR"><shadow type="variables_get"><field name="VAR">turtle</field></shadow></value><value name="data"><shadow type="math_number" id="mFqYj-]C),G-me]JVN0C"><field name="NUM">20</field></shadow><block type="variables_get"><field name="VAR">x</field></block></value><value name="val"><shadow type="math_number" id="]ZgwG^CUoya:{e?P`PFZ"><field name="NUM">20</field></shadow><block type="variables_get"><field name="VAR">y</field></block></value><next><block type="turtle_move"><value name="TUR"><shadow type="variables_get"><field name="VAR">turtle</field></shadow></value><value name="data"><shadow type="math_number" id="9C`,Ne[|6x3Q_w{BQCta"><field name="NUM">0</field></shadow><block type="variables_get"><field name="VAR">r</field></block></value><next><block type="turtle_turn"><field name="DIR">left</field><value name="TUR"><shadow type="variables_get"><field name="VAR">turtle</field></shadow></value><value name="data"><shadow type="math_number"><field name="NUM">90</field></shadow></value><next><block type="turtle_penup"><field name="DIR">pendown</field><value name="TUR"><shadow type="variables_get"><field name="VAR">turtle</field></shadow></value><next><block type="turtle_circle_advanced"><value name="TUR"><shadow type="variables_get"><field name="VAR">turtle</field></shadow></value><value name="VAR"><shadow type="math_number" id="Jc##~!w)K*AZY**`bJ^K"><field name="NUM">50</field></shadow><block type="variables_get"><field name="VAR">r</field></block></value><value name="ANGLE"><shadow type="math_number" id="CZR?T@xs`QH)ZiP/?6C1"><field name="NUM">360</field></shadow><block type="variables_get"><field name="VAR">angle</field></block></value><value name="STEP"><shadow type="math_number" id="=F|?Nt7rtmp+-5.-3aI7"><field name="NUM">1</field></shadow><block type="variables_get"><field name="VAR">sides</field></block></value></block></next></block></next></block></next></block></next></block></next></block></statement></block></xml>