<xml xmlns="http://www.w3.org/1999/xhtml"><block type="pyb_pin_create_mode" x="150" y="89"><field name="VAR">x1</field><field name="DIR">Pin.OUT_PP</field><value name="ID"><shadow type="text"><field name="TEXT">X2</field></shadow></value><next><block type="pyb_pin_create_mode"><field name="VAR">x2</field><field name="DIR">Pin.OUT_PP</field><value name="ID"><shadow type="text"><field name="TEXT">X1</field></shadow></value><next><block type="pyb_pin_create_mode"><field name="VAR">x3</field><field name="DIR">Pin.OUT_PP</field><value name="ID"><shadow type="text"><field name="TEXT">X3</field></shadow></value><next><block type="pyb_pin_create_mode"><field name="VAR">x4</field><field name="DIR">Pin.OUT_PP</field><value name="ID"><shadow type="text"><field name="TEXT">X4</field></shadow></value><next><block type="pyb_pin_create_mode"><field name="VAR">x5</field><field name="DIR">Pin.OUT_PP</field><value name="ID"><shadow type="text"><field name="TEXT">X5</field></shadow></value><next><block type="pyb_pin_create_mode"><field name="VAR">x6</field><field name="DIR">Pin.OUT_PP</field><value name="ID"><shadow type="text"><field name="TEXT">X6</field></shadow></value><next><block type="pyb_pin_create_mode"><field name="VAR">x7</field><field name="DIR">Pin.OUT_PP</field><value name="ID"><shadow type="text"><field name="TEXT">X8</field></shadow></value><next><block type="pyb_pin_create_mode"><field name="VAR">x8</field><field name="DIR">Pin.OUT_PP</field><value name="ID"><shadow type="text"><field name="TEXT">X7</field></shadow></value><next><block type="pyb_pin_create_mode"><field name="VAR">y1</field><field name="DIR">Pin.OUT_PP</field><value name="ID"><shadow type="text"><field name="TEXT">Y2</field></shadow></value><next><block type="pyb_pin_create_mode"><field name="VAR">y2</field><field name="DIR">Pin.OUT_PP</field><value name="ID"><shadow type="text"><field name="TEXT">Y1</field></shadow></value><next><block type="pyb_pin_create_mode"><field name="VAR">y3</field><field name="DIR">Pin.OUT_PP</field><value name="ID"><shadow type="text"><field name="TEXT">Y3</field></shadow></value><next><block type="pyb_pin_create_mode"><field name="VAR">y4</field><field name="DIR">Pin.OUT_PP</field><value name="ID"><shadow type="text"><field name="TEXT">X12</field></shadow></value><next><block type="pyb_pin_create_mode"><field name="VAR">y5</field><field name="DIR">Pin.OUT_PP</field><value name="ID"><shadow type="text"><field name="TEXT">Y5</field></shadow></value><next><block type="pyb_pin_create_mode"><field name="VAR">y6</field><field name="DIR">Pin.OUT_PP</field><value name="ID"><shadow type="text"><field name="TEXT">Y6</field></shadow></value><next><block type="pyb_pin_create_mode"><field name="VAR">y7</field><field name="DIR">Pin.OUT_PP</field><value name="ID"><shadow type="text"><field name="TEXT">Y8</field></shadow></value><next><block type="pyb_pin_create_mode"><field name="VAR">y8</field><field name="DIR">Pin.OUT_PP</field><value name="ID"><shadow type="text"><field name="TEXT">Y7</field></shadow></value></block></next></block></next></block></next></block></next></block></next></block></next></block></next></block></next></block></next></block></next></block></next></block></next></block></next></block></next></block></next></block></xml>