<xml xmlns="http://www.w3.org/1999/xhtml"><block type="math_selfCreate" x="319" y="322"><value name="A"><shadow type="variables_get"><field name="VAR">x</field></shadow></value><value name="B"><shadow type="math_number"><field name="NUM">1</field></shadow></value><next><block type="loops_whileUntilVar"><value name="VAR"><shadow type="variables_get"><field name="VAR">x</field></shadow></value><statement name="DO"><block type="math_selfCreate"><value name="A"><shadow type="variables_get"><field name="VAR">y</field></shadow></value><value name="B"><shadow type="math_number"><field name="NUM">33</field></shadow></value><next><block type="loops_whileUntilVar"><value name="VAR"><shadow type="variables_get"><field name="VAR">y</field></shadow></value><statement name="DO"><block type="math_selfCreate"><value name="A"><shadow type="variables_get"><field name="VAR">z</field></shadow></value><value name="B"><shadow type="math_number" id="_r:+1:O{Uq^vXWvvCI^u"><field name="NUM">1</field></shadow><block type="math_arithmetic"><field name="OP">MINUS</field><value name="A"><shadow type="math_number"><field name="NUM">100</field></shadow></value><value name="B"><shadow type="math_number" id="[s~*4(t$q@4Q3H^TF7,3"><field name="NUM">1</field></shadow><block type="math_arithmetic"><field name="OP">ADD</field><value name="A"><shadow type="math_number" id="LU,jbP[(iDmDZ1]m4g9]"><field name="NUM">1</field></shadow><block type="variables_get"><field name="VAR">x</field></block></value><value name="B"><shadow type="math_number" id="pXGXmq^uoY(R3*)qU5o9"><field name="NUM">1</field></shadow><block type="variables_get"><field name="VAR">y</field></block></value></block></value></block></value><next><block type="math_selfCreate"><value name="A"><shadow type="variables_get"><field name="VAR">rmb</field></shadow></value><value name="B"><shadow type="math_number" id="JWRUZoJz[X|Tnz(vTQ,5"><field name="NUM">1</field></shadow><block type="math_arithmetic"><field name="OP">ADD</field><value name="A"><shadow type="math_number" id="|,_K=TYuFUzl/ayM[sp["><field name="NUM">1</field></shadow><block type="math_arithmetic"><field name="OP">MULTIPLY</field><value name="A"><shadow type="math_number" id="G:dgEK9jL12u78zS%Ct;"><field name="NUM">1</field></shadow><block type="variables_get"><field name="VAR">x</field></block></value><value name="B"><shadow type="math_number"><field name="NUM">5</field></shadow></value></block></value><value name="B"><shadow type="math_number" id="pXGXmq^uoY(R3*)qU5o9"><field name="NUM">1</field></shadow><block type="math_arithmetic"><field name="OP">ADD</field><value name="A"><shadow type="math_number" id="LU,jbP[(iDmDZ1]m4g9]"><field name="NUM">1</field></shadow><block type="math_arithmetic"><field name="OP">MULTIPLY</field><value name="A"><shadow type="math_number" id="|:Y,p5V@[6c//G1[DUE^"><field name="NUM">1</field></shadow><block type="variables_get"><field name="VAR">y</field></block></value><value name="B"><shadow type="math_number"><field name="NUM">3</field></shadow></value></block></value><value name="B"><shadow type="math_number" id="pXGXmq^uoY(R3*)qU5o9"><field name="NUM">1</field></shadow><block type="math_arithmetic"><field name="OP">DIVIDE</field><value name="A"><shadow type="math_number" id="LU,jbP[(iDmDZ1]m4g9]"><field name="NUM">1</field></shadow><block type="variables_get"><field name="VAR">z</field></block></value><value name="B"><shadow type="math_number"><field name="NUM">3</field></shadow></value></block></value></block></value></block></value><next><block type="loops_if"><value name="IF0"><block type="logic_compare"><field name="OP">EQ</field><value name="A"><block type="variables_get"><field name="VAR">rmb</field></block></value><value name="B"><block type="math_number"><field name="NUM">100</field></block></value></block></value><statement name="DO0"><block type="text_print"><value name="data"><shadow type="text"><field name="TEXT">答案：</field></shadow></value><next><block type="text_print"><value name="data"><shadow type="text" id="oNRUbyaNm#aopeO/jKNS"><field name="TEXT">Hello</field></shadow><block type="variables_get"><field name="VAR">x</field></block></value><next><block type="text_print"><value name="data"><shadow type="text" id="oNRUbyaNm#aopeO/jKNS"><field name="TEXT">Hello</field></shadow><block type="variables_get"><field name="VAR">y</field></block></value><next><block type="text_print"><value name="data"><shadow type="text" id="oNRUbyaNm#aopeO/jKNS"><field name="TEXT">Hello</field></shadow><block type="variables_get"><field name="VAR">z</field></block></value></block></next></block></next></block></next></block></statement><next><block type="math_selfcalcu"><field name="OP">MINUS</field><value name="A"><shadow type="variables_get"><field name="VAR">y</field></shadow></value><value name="B"><shadow type="math_number"><field name="NUM">1</field></shadow></value></block></next></block></next></block></next></block></statement><next><block type="math_selfcalcu"><field name="OP">ADD</field><value name="A"><shadow type="variables_get"><field name="VAR">x</field></shadow></value><value name="B"><shadow type="math_number"><field name="NUM">1</field></shadow></value><next><block type="loops_if"><value name="IF0"><block type="logic_compare"><field name="OP">EQ</field><value name="A"><block type="variables_get"><field name="VAR">x</field></block></value><value name="B"><block type="math_number"><field name="NUM">20</field></block></value></block></value><statement name="DO0"><block type="loops_flow_statements"><field name="FLOW">BREAK</field></block></statement></block></next></block></next></block></next></block></statement></block></next></block></xml>