<xml xmlns="http://www.w3.org/1999/xhtml"><block type="procedures_defnoreturn" x="685" y="271"><mutation><arg name="x"></arg></mutation><field name="NAME">function</field><statement name="STACK"><block type="math_selfCreate"><value name="A"><shadow type="variables_get"><field name="VAR">max2</field></shadow></value><value name="B"><shadow type="math_number" id="PXLY({wCzN;~EF]y}OsM"><field name="NUM">4</field></shadow><block type="math_to_int"><field name="OP">round</field><value name="A"><shadow type="math_number" id="y4EpBSRA#e.f(J^0~0}G"><field name="NUM">0.998</field></shadow><block type="math_arithmetic"><field name="OP">DIVIDE</field><value name="A"><shadow type="math_number" id="MQ*4)aYZ/;68JUC3F*_n"><field name="NUM">1</field></shadow><block type="variables_get"><field name="VAR">x</field></block></value><value name="B"><shadow type="math_number"><field name="NUM">2</field></shadow></value></block></value></block></value><next><block type="math_selfCreate"><value name="A"><shadow type="variables_get"><field name="VAR">num</field></shadow></value><value name="B"><shadow type="math_number"><field name="NUM">2</field></shadow></value><next><block type="loops_whileUntilVar"><value name="VAR"><shadow type="variables_get"><field name="VAR">num</field></shadow></value><statement name="DO"><block type="loops_if"><mutation else="1"></mutation><value name="IF0"><block type="logic_compare"><field name="OP">EQ</field><value name="A"><block type="math_arithmetic"><field name="OP">QUYU</field><value name="A"><shadow type="math_number" id="MQ*4)aYZ/;68JUC3F*_n"><field name="NUM">1</field></shadow><block type="variables_get"><field name="VAR">x</field></block></value><value name="B"><shadow type="math_number" id="LUQ]zM-r;%)xr]zE(|.F"><field name="NUM">1</field></shadow><block type="variables_get"><field name="VAR">num</field></block></value></block></value><value name="B"><block type="math_number"><field name="NUM">0</field></block></value></block></value><statement name="DO0"><block type="loops_flow_statements"><field name="FLOW">BREAK</field></block></statement><statement name="ELSE"><block type="math_selfcalcu"><field name="OP">ADD</field><value name="A"><shadow type="variables_get"><field name="VAR">num</field></shadow></value><value name="B"><shadow type="math_number"><field name="NUM">1</field></shadow></value></block></statement><next><block type="loops_if"><value name="IF0"><block type="logic_compare"><field name="OP">GT</field><value name="A"><block type="variables_get"><field name="VAR">num</field></block></value><value name="B"><block type="variables_get"><field name="VAR">max2</field></block></value></block></value><statement name="DO0"><block type="text_print"><value name="data"><shadow type="text" id=",B_bMSm{yl4Ip*:;CZ)y"><field name="TEXT">Hello</field></shadow><block type="variables_get"><field name="VAR">x</field></block></value><next><block type="variables_set"><field name="VAR">num</field><value name="VALUE"><block type="math_number"><field name="NUM">0</field></block></value></block></next></block></statement></block></next></block></statement></block></next></block></next></block></statement></block><block type="math_selfCreate" x="370" y="303"><value name="A"><shadow type="variables_get"><field name="VAR">a</field></shadow></value><value name="B"><shadow type="math_number"><field name="NUM">2</field></shadow></value><next><block type="text_print"><value name="data"><shadow type="text"><field name="TEXT">1</field></shadow></value><next><block type="loops_whileUntil"><field name="MODE">WHILE</field><value name="BOOL"><shadow type="logic_boolean"><field name="BOOL">TRUE</field></shadow></value><statement name="DO"><block type="procedures_callnoreturn"><mutation name="function"><arg name="x"></arg></mutation><value name="ARG0"><block type="variables_get"><field name="VAR">a</field></block></value><next><block type="math_selfcalcu"><field name="OP">ADD</field><value name="A"><shadow type="variables_get"><field name="VAR">a</field></shadow></value><value name="B"><shadow type="math_number"><field name="NUM">1</field></shadow></value><next><block type="loops_if"><value name="IF0"><block type="logic_compare"><field name="OP">GT</field><value name="A"><block type="variables_get"><field name="VAR">a</field></block></value><value name="B"><block type="math_number"><field name="NUM">100</field></block></value></block></value><statement name="DO0"><block type="text_print"><value name="data"><shadow type="text"><field name="TEXT">end</field></shadow></value><next><block type="loops_flow_statements"><field name="FLOW">BREAK</field></block></next></block></statement></block></next></block></next></block></statement></block></next></block></next></block></xml>