<xml xmlns="http://www.w3.org/1999/xhtml"><block type="machine_pin_create_mode" x="215" y="95"><field name="VAR">red_led</field><field name="DIR">Pin.OUT</field><value name="ID"><shadow type="math_number"><field name="NUM">17</field></shadow></value><next><block type="math_selfCreate"><value name="A"><shadow type="variables_get"><field name="VAR">t</field></shadow></value><value name="B"><shadow type="math_number"><field name="NUM">20</field></shadow></value><next><block type="math_selfCreate"><value name="A"><shadow type="variables_get"><field name="VAR">on</field></shadow></value><value name="B"><shadow type="math_number"><field name="NUM">1</field></shadow></value><next><block type="loops_whileUntil"><field name="MODE">WHILE</field><value name="BOOL"><shadow type="logic_boolean"><field name="BOOL">TRUE</field></shadow></value><statement name="DO"><block type="math_selfCreate"><value name="A"><shadow type="variables_get"><field name="VAR">i</field></shadow></value><value name="B"><shadow type="math_number"><field name="NUM">10</field></shadow></value><next><block type="loops_whileUntilVar"><value name="VAR"><shadow type="variables_get"><field name="VAR">i</field></shadow></value><statement name="DO"><block type="machine_pin_setvalue"><value name="TUR"><shadow type="variables_get"><field name="VAR">red_led</field></shadow></value><value name="VAL"><shadow type="math_number"><field name="NUM">1</field></shadow></value><next><block type="loops_delay"><field name="Time">ms</field><value name="DELAY_TIME"><shadow type="math_number" id="F~,y?Q:!KT2#K.Wv-n^a"><field name="NUM">8</field></shadow><block type="variables_get"><field name="VAR">on</field></block></value><next><block type="machine_pin_setvalue"><value name="TUR"><shadow type="variables_get"><field name="VAR">red_led</field></shadow></value><value name="VAL"><shadow type="math_number"><field name="NUM">0</field></shadow></value><next><block type="loops_delay"><field name="Time">ms</field><value name="DELAY_TIME"><shadow type="math_number" id="]}[h:onPBW+/AvW]`}`|"><field name="NUM">12</field></shadow><block type="math_arithmetic"><field name="OP">MINUS</field><value name="A"><shadow type="math_number" id="b_xlgtI;(XsNhH[0@y]!"><field name="NUM">1</field></shadow><block type="variables_get"><field name="VAR">t</field></block></value><value name="B"><shadow type="math_number" id="u9_3S#^8T-Pk33^5XIZU"><field name="NUM">1</field></shadow><block type="variables_get"><field name="VAR">on</field></block></value></block></value><next><block type="math_selfcalcu"><field name="OP">MINUS</field><value name="A"><shadow type="variables_get"><field name="VAR">i</field></shadow></value><value name="B"><shadow type="math_number"><field name="NUM">1</field></shadow></value></block></next></block></next></block></next></block></next></block></statement><next><block type="math_selfcalcu"><field name="OP">ADD</field><value name="A"><shadow type="variables_get"><field name="VAR">on</field></shadow></value><value name="B"><shadow type="math_number"><field name="NUM">1</field></shadow></value><next><block type="loops_if"><value name="IF0"><block type="logic_compare"><field name="OP">EQ</field><value name="A"><block type="variables_get"><field name="VAR">on</field></block></value><value name="B"><block type="variables_get"><field name="VAR">t</field></block></value></block></value><statement name="DO0"><block type="math_selfCreate"><value name="A"><shadow type="variables_get"><field name="VAR">on</field></shadow></value><value name="B"><shadow type="math_number"><field name="NUM">1</field></shadow></value></block></statement></block></next></block></next></block></next></block></statement></block></next></block></next></block></next></block></xml>