<xml xmlns="http://www.w3.org/1999/xhtml"><block type="screen_clear" x="112" y="156"><next><block type="dbitmap_create"><field name="VAR">qiang</field><value name="PATH"><shadow type="text"><field name="TEXT">L003_WALL_30X30</field></shadow></value><next><block type="dbitmap_create"><field name="VAR">white</field><value name="PATH"><shadow type="text"><field name="TEXT">L003_white_30X30</field></shadow></value><next><block type="dbitmap_create"><field name="VAR">boy</field><value name="PATH"><shadow type="text"><field name="TEXT">L003_BOY_30X30</field></shadow></value><next><block type="dbitmap_create"><field name="VAR">box</field><value name="PATH"><shadow type="text"><field name="TEXT">L003_BOX_30X30</field></shadow></value><next><block type="dbitmap_create"><field name="VAR">star</field><value name="PATH"><shadow type="text"><field name="TEXT">L003_STAR_30X30</field></shadow></value><next><block type="variables_set"><field name="VAR">l0</field><value name="VALUE"><block type="list_many_input"><field name="CONTENT">0,0,1,1,1,1,0,0</field></block></value><next><block type="variables_set"><field name="VAR">l1</field><value name="VALUE"><block type="list_many_input"><field name="CONTENT">0,0,1,2,2,1,0,0</field></block></value><next><block type="variables_set"><field name="VAR">l2</field><value name="VALUE"><block type="list_many_input"><field name="CONTENT">0,1,1,0,2,1,1,0</field></block></value><next><block type="variables_set"><field name="VAR">l3</field><value name="VALUE"><block type="list_many_input"><field name="CONTENT">0,1,0,0,3,2,1,0</field></block></value><next><block type="variables_set"><field name="VAR">l4</field><value name="VALUE"><block type="list_many_input"><field name="CONTENT">1,1,0,3,0,0,1,1</field></block></value><next><block type="variables_set"><field name="VAR">l5</field><value name="VALUE"><block type="list_many_input"><field name="CONTENT">1,0,0,1,3,3,0,1</field></block></value><next><block type="variables_set"><field name="VAR">l6</field><value name="VALUE"><block type="list_many_input"><field name="CONTENT">1,0,0,4,0,0,0,1</field></block></value><next><block type="variables_set"><field name="VAR">l7</field><value name="VALUE"><block type="list_many_input"><field name="CONTENT">1,1,1,1,1,1,1,1</field></block></value><next><block type="variables_set"><field name="VAR">map_list</field><value name="VALUE"><block type="lists_zip"><mutation items="8"></mutation><value name="ADD0"><block type="variables_get"><field name="VAR">l0</field></block></value><value name="ADD1"><block type="variables_get"><field name="VAR">l1</field></block></value><value name="ADD2"><block type="variables_get"><field name="VAR">l2</field></block></value><value name="ADD3"><block type="variables_get"><field name="VAR">l3</field></block></value><value name="ADD4"><block type="variables_get"><field name="VAR">l4</field></block></value><value name="ADD5"><block type="variables_get"><field name="VAR">l5</field></block></value><value name="ADD6"><block type="variables_get"><field name="VAR">l6</field></block></value><value name="ADD7"><block type="variables_get"><field name="VAR">l7</field></block></value></block></value><next><block type="math_selfCreate"><value name="A"><shadow type="variables_get"><field name="VAR">x</field></shadow></value><value name="B"><shadow type="math_number"><field name="NUM">0</field></shadow></value><next><block type="math_selfCreate"><value name="A"><shadow type="variables_get"><field name="VAR">y</field></shadow></value><value name="B"><shadow type="math_number"><field name="NUM">30</field></shadow></value><next><block type="loops_forEach"><field name="VAR">line_list</field><value name="LIST"><shadow type="list_many_input" id="fW@}+CgbY^o4@g!|0]59"><field name="CONTENT">map_list</field></shadow><block type="variables_get"><field name="VAR">map_list</field></block></value><statement name="DO"><block type="loops_forEach"><field name="VAR">point</field><value name="LIST"><shadow type="list_many_input" id="fW@}+CgbY^o4@g!|0]59"><field name="CONTENT">map_list</field></shadow><block type="variables_get"><field name="VAR">line_list</field></block></value><statement name="DO"><block type="loops_if"><value name="IF0"><block type="logic_compare"><field name="OP">EQ</field><value name="A"><block type="variables_get"><field name="VAR">point</field></block></value><value name="B"><block type="math_number"><field name="NUM">0</field></block></value></block></value><statement name="DO0"><block type="dbitmap_draw"><value name="TUR"><shadow type="variables_get"><field name="VAR">white</field></shadow></value><value name="XPOS"><shadow type="math_number" id="JI2yB1KS/N|dZ`M|,096"><field name="NUM">0</field></shadow><block type="variables_get"><field name="VAR">x</field></block></value><value name="YPOS"><shadow type="math_number" id="XrH6x)Ik-Vo?y3~Z8ENB"><field name="NUM">100</field></shadow><block type="variables_get"><field name="VAR">y</field></block></value></block></statement><next><block type="loops_if"><value name="IF0"><block type="logic_compare"><field name="OP">EQ</field><value name="A"><block type="variables_get"><field name="VAR">point</field></block></value><value name="B"><block type="math_number"><field name="NUM">1</field></block></value></block></value><statement name="DO0"><block type="dbitmap_draw"><value name="TUR"><shadow type="variables_get"><field name="VAR">qiang</field></shadow></value><value name="XPOS"><shadow type="math_number" id="JI2yB1KS/N|dZ`M|,096"><field name="NUM">0</field></shadow><block type="variables_get"><field name="VAR">x</field></block></value><value name="YPOS"><shadow type="math_number" id="XrH6x)Ik-Vo?y3~Z8ENB"><field name="NUM">100</field></shadow><block type="variables_get"><field name="VAR">y</field></block></value></block></statement><next><block type="loops_if"><value name="IF0"><block type="logic_compare"><field name="OP">EQ</field><value name="A"><block type="variables_get"><field name="VAR">point</field></block></value><value name="B"><block type="math_number"><field name="NUM">2</field></block></value></block></value><statement name="DO0"><block type="dbitmap_draw"><value name="TUR"><shadow type="variables_get"><field name="VAR">star</field></shadow></value><value name="XPOS"><shadow type="math_number" id="JI2yB1KS/N|dZ`M|,096"><field name="NUM">0</field></shadow><block type="variables_get"><field name="VAR">x</field></block></value><value name="YPOS"><shadow type="math_number" id="XrH6x)Ik-Vo?y3~Z8ENB"><field name="NUM">100</field></shadow><block type="variables_get"><field name="VAR">y</field></block></value></block></statement><next><block type="loops_if"><value name="IF0"><block type="logic_compare"><field name="OP">EQ</field><value name="A"><block type="variables_get"><field name="VAR">point</field></block></value><value name="B"><block type="math_number"><field name="NUM">3</field></block></value></block></value><statement name="DO0"><block type="dbitmap_draw"><value name="TUR"><shadow type="variables_get"><field name="VAR">box</field></shadow></value><value name="XPOS"><shadow type="math_number" id="JI2yB1KS/N|dZ`M|,096"><field name="NUM">0</field></shadow><block type="variables_get"><field name="VAR">x</field></block></value><value name="YPOS"><shadow type="math_number" id="XrH6x)Ik-Vo?y3~Z8ENB"><field name="NUM">100</field></shadow><block type="variables_get"><field name="VAR">y</field></block></value></block></statement><next><block type="loops_if"><value name="IF0"><block type="logic_compare"><field name="OP">EQ</field><value name="A"><block type="variables_get"><field name="VAR">point</field></block></value><value name="B"><block type="math_number"><field name="NUM">4</field></block></value></block></value><statement name="DO0"><block type="dbitmap_draw"><value name="TUR"><shadow type="variables_get"><field name="VAR">boy</field></shadow></value><value name="XPOS"><shadow type="math_number" id="JI2yB1KS/N|dZ`M|,096"><field name="NUM">0</field></shadow><block type="variables_get"><field name="VAR">x</field></block></value><value name="YPOS"><shadow type="math_number" id="XrH6x)Ik-Vo?y3~Z8ENB"><field name="NUM">100</field></shadow><block type="variables_get"><field name="VAR">y</field></block></value></block></statement><next><block type="math_selfcalcu"><field name="OP">ADD</field><value name="A"><shadow type="variables_get"><field name="VAR">y</field></shadow></value><value name="B"><shadow type="math_number"><field name="NUM">30</field></shadow></value></block></next></block></next></block></next></block></next></block></next></block></statement><next><block type="math_selfcalcu"><field name="OP">ADD</field><value name="A"><shadow type="variables_get"><field name="VAR">x</field></shadow></value><value name="B"><shadow type="math_number"><field name="NUM">30</field></shadow></value><next><block type="math_selfCreate"><value name="A"><shadow type="variables_get"><field name="VAR">y</field></shadow></value><value name="B"><shadow type="math_number"><field name="NUM">30</field></shadow></value></block></next></block></next></block></statement></block></next></block></next></block></next></block></next></block></next></block></next></block></next></block></next></block></next></block></next></block></next></block></next></block></next></block></next></block></next></block></next></block></next></block></xml>