<xml xmlns="http://www.w3.org/1999/xhtml"><block type="procedures_defnoreturn" x="1626" y="-612"><mutation><arg name="x"></arg><arg name="y"></arg><arg name="x_step"></arg><arg name="y_step"></arg></mutation><field name="NAME">boy_move</field><statement name="STACK"><block type="variables_global"><value name="VAR"><block type="variables_get"><field name="VAR">map_list</field></block></value><next><block type="variables_global"><value name="VAR"><block type="variables_get"><field name="VAR">map_draw</field></block></value><next><block type="variables_global"><value name="VAR"><block type="variables_get"><field name="VAR">target_list</field></block></value><next><block type="lists_set_index"><value name="LIST"><shadow type="variables_get" id="$pkZ|SMgd5W+.6q!J)PJ"><field name="VAR">l6</field></shadow><block type="lists_get_index"><value name="LIST"><shadow type="variables_get" id="s1c1a8UHizt`0N(UB2DG"><field name="VAR">l6</field></shadow><block type="variables_get"><field name="VAR">map_list</field></block></value><value name="AT"><shadow type="math_number" id="M9L35GnxIqGw60k^h(-5"><field name="NUM">0</field></shadow><block type="math_arithmetic"><field name="OP">ADD</field><value name="A"><shadow type="math_number" id="#g|}i5;V`pKn#kRI1[3b"><field name="NUM">1</field></shadow><block type="variables_get"><field name="VAR">y</field></block></value><value name="B"><shadow type="math_number" id="X8EI!As{v@,Ssw[I3$bE"><field name="NUM">1</field></shadow><block type="variables_get"><field name="VAR">y_step</field></block></value></block></value></block></value><value name="AT"><shadow type="math_number" id="np0keKrqZ-6?PPMO!$6h"><field name="NUM">0</field></shadow><block type="math_arithmetic"><field name="OP">ADD</field><value name="A"><shadow type="math_number" id="#g|}i5;V`pKn#kRI1[3b"><field name="NUM">1</field></shadow><block type="variables_get"><field name="VAR">x</field></block></value><value name="B"><shadow type="math_number" id="X8EI!As{v@,Ssw[I3$bE"><field name="NUM">1</field></shadow><block type="variables_get"><field name="VAR">x_step</field></block></value></block></value><value name="TO"><shadow type="math_number" id="qWU55NnOn{yYjzoO/}wh"><field name="NUM">4</field></shadow><block type="lists_get_index"><value name="LIST"><shadow type="variables_get" id="s1c1a8UHizt`0N(UB2DG"><field name="VAR">l6</field></shadow><block type="lists_get_index"><value name="LIST"><shadow type="variables_get" id="s1c1a8UHizt`0N(UB2DG"><field name="VAR">l6</field></shadow><block type="variables_get"><field name="VAR">map_list</field></block></value><value name="AT"><shadow type="math_number" id="XKoRtVnnf$c:MF]Go;5s"><field name="NUM">0</field></shadow><block type="variables_get"><field name="VAR">y</field></block></value></block></value><value name="AT"><shadow type="math_number" id="XKoRtVnnf$c:MF]Go;5s"><field name="NUM">0</field></shadow><block type="variables_get"><field name="VAR">x</field></block></value></block></value><next><block type="math_selfCreate"><value name="A"><shadow type="variables_get"><field name="VAR">tmp</field></shadow></value><value name="B"><shadow type="math_number"><field name="NUM">0</field></shadow></value><next><block type="loops_forEach"><field name="VAR">target</field><value name="LIST"><shadow type="list_many_input" id="Aj?g5LeQ^OB_+$rglBkE"><field name="CONTENT">0,1,2,3</field></shadow><block type="variables_get"><field name="VAR">target_list</field></block></value><statement name="DO"><block type="loops_if"><value name="IF0"><block type="logic_operation"><field name="OP">AND</field><value name="A"><block type="logic_compare"><field name="OP">EQ</field><value name="A"><block type="lists_get_index"><value name="LIST"><shadow type="variables_get" id="s1c1a8UHizt`0N(UB2DG"><field name="VAR">l6</field></shadow><block type="variables_get"><field name="VAR">target</field></block></value><value name="AT"><shadow type="math_number"><field name="NUM">0</field></shadow></value></block></value><value name="B"><block type="variables_get"><field name="VAR">x</field></block></value></block></value><value name="B"><block type="logic_compare"><field name="OP">EQ</field><value name="A"><block type="lists_get_index"><value name="LIST"><shadow type="variables_get" id="s1c1a8UHizt`0N(UB2DG"><field name="VAR">l6</field></shadow><block type="variables_get"><field name="VAR">target</field></block></value><value name="AT"><shadow type="math_number"><field name="NUM">1</field></shadow></value></block></value><value name="B"><block type="variables_get"><field name="VAR">y</field></block></value></block></value></block></value><statement name="DO0"><block type="math_selfCreate"><value name="A"><shadow type="variables_get" id="{26b.^8$iT5UPvOu~F:/"><field name="VAR">tmp</field></shadow><block type="variables_get"><field name="VAR">tmp</field></block></value><value name="B"><shadow type="math_number"><field name="NUM">2</field></shadow></value></block></statement></block></statement><next><block type="lists_set_index"><value name="LIST"><shadow type="variables_get" id="$pkZ|SMgd5W+.6q!J)PJ"><field name="VAR">l6</field></shadow><block type="lists_get_index"><value name="LIST"><shadow type="variables_get" id="s1c1a8UHizt`0N(UB2DG"><field name="VAR">l6</field></shadow><block type="variables_get"><field name="VAR">map_list</field></block></value><value name="AT"><shadow type="math_number" id="M9L35GnxIqGw60k^h(-5"><field name="NUM">0</field></shadow><block type="variables_get"><field name="VAR">y</field></block></value></block></value><value name="AT"><shadow type="math_number" id="np0keKrqZ-6?PPMO!$6h"><field name="NUM">0</field></shadow><block type="variables_get"><field name="VAR">x</field></block></value><value name="TO"><shadow type="math_number" id="V+JYgabd8Z@bjM3P{}To"><field name="NUM">0</field></shadow><block type="variables_get"><field name="VAR">tmp</field></block></value><next><block type="procedures_callnoreturn"><mutation name="image_disp"><arg name="x"></arg><arg name="y"></arg></mutation><value name="ARG0"><block type="variables_get"><field name="VAR">x</field></block></value><value name="ARG1"><block type="variables_get"><field name="VAR">y</field></block></value><next><block type="procedures_callnoreturn"><mutation name="image_disp"><arg name="x"></arg><arg name="y"></arg></mutation><value name="ARG0"><block type="math_arithmetic"><field name="OP">ADD</field><value name="A"><shadow type="math_number" id="#g|}i5;V`pKn#kRI1[3b"><field name="NUM">1</field></shadow><block type="variables_get"><field name="VAR">x</field></block></value><value name="B"><shadow type="math_number" id="X8EI!As{v@,Ssw[I3$bE"><field name="NUM">1</field></shadow><block type="variables_get"><field name="VAR">x_step</field></block></value></block></value><value name="ARG1"><block type="math_arithmetic"><field name="OP">ADD</field><value name="A"><shadow type="math_number" id="#g|}i5;V`pKn#kRI1[3b"><field name="NUM">1</field></shadow><block type="variables_get"><field name="VAR">y</field></block></value><value name="B"><shadow type="math_number" id="X8EI!As{v@,Ssw[I3$bE"><field name="NUM">1</field></shadow><block type="variables_get"><field name="VAR">y_step</field></block></value></block></value></block></next></block></next></block></next></block></next></block></next></block></next></block></next></block></next></block></statement></block><block type="procedures_defnoreturn" x="787" y="-536"><field name="NAME">key_scan</field><statement name="STACK"><block type="variables_global"><value name="VAR"><block type="variables_get"><field name="VAR">key_state</field></block></value><next><block type="variables_global"><value name="VAR"><block type="variables_get"><field name="VAR">key_last_value</field></block></value><next><block type="variables_set"><field name="VAR">key_current_value</field><value name="VALUE"><block type="list_many_input"><field name="CONTENT">1,1,1,1</field></block></value><next><block type="math_selfCreate"><value name="A"><shadow type="variables_get"><field name="VAR">i</field></shadow></value><value name="B"><shadow type="math_number"><field name="NUM">0</field></shadow></value><next><block type="loops_forEach"><field name="VAR">key</field><value name="LIST"><shadow type="list_many_input" id="q`*%~u%$Ex%-I4+QFV=/"><field name="CONTENT">0,1,2,3</field></shadow><block type="variables_get"><field name="VAR">key_list</field></block></value><statement name="DO"><block type="lists_set_index"><value name="LIST"><shadow type="variables_get" id="qPQ``|:i|$RA/!e^b4+h"><field name="VAR">key_current_value</field></shadow><block type="variables_get"><field name="VAR">key_current_value</field></block></value><value name="AT"><shadow type="math_number" id="xOn!Y+rHsR={XoHEeBz)"><field name="NUM">0</field></shadow><block type="variables_get"><field name="VAR">i</field></block></value><value name="TO"><shadow type="math_number" id="I^NloMZJx-_n(k?dm)|:"><field name="NUM">0</field></shadow><block type="machine_pin_value"><value name="TUR"><shadow type="variables_get" id="hqUS7eLXUqPCp0N{RBq2"><field name="VAR">key</field></shadow><block type="variables_get"><field name="VAR">key</field></block></value></block></value><next><block type="math_selfcalcu"><field name="OP">ADD</field><value name="A"><shadow type="variables_get" id="QugW.IoY!y4XexEWu@rx"><field name="VAR">a</field></shadow><block type="variables_get"><field name="VAR">i</field></block></value><value name="B"><shadow type="math_number"><field name="NUM">1</field></shadow></value></block></next></block></statement><next><block type="math_selfCreate"><value name="A"><shadow type="variables_get"><field name="VAR">i</field></shadow></value><value name="B"><shadow type="math_number"><field name="NUM">0</field></shadow></value><next><block type="loops_forEach"><field name="VAR">value</field><value name="LIST"><shadow type="list_many_input" id="q`*%~u%$Ex%-I4+QFV=/"><field name="CONTENT">0,1,2,3</field></shadow><block type="variables_get"><field name="VAR">key_current_value</field></block></value><statement name="DO"><block type="loops_if"><value name="IF0"><block type="logic_operation"><field name="OP">AND</field><value name="A"><block type="logic_compare"><field name="OP">EQ</field><value name="A"><block type="variables_get"><field name="VAR">value</field></block></value><value name="B"><block type="math_number"><field name="NUM">0</field></block></value></block></value><value name="B"><block type="logic_compare"><field name="OP">EQ</field><value name="A"><block type="lists_get_index"><value name="LIST"><shadow type="variables_get"><field name="VAR">key_last_value</field></shadow></value><value name="AT"><shadow type="math_number" id="B91GtS0HcbG^lZo!|AG]"><field name="NUM">0</field></shadow><block type="variables_get"><field name="VAR">i</field></block></value></block></value><value name="B"><block type="math_number"><field name="NUM">1</field></block></value></block></value></block></value><statement name="DO0"><block type="lists_set_index"><value name="LIST"><shadow type="variables_get" id="qPQ``|:i|$RA/!e^b4+h"><field name="VAR">key_current_value</field></shadow><block type="variables_get"><field name="VAR">key_state</field></block></value><value name="AT"><shadow type="math_number" id="xOn!Y+rHsR={XoHEeBz)"><field name="NUM">0</field></shadow><block type="variables_get"><field name="VAR">i</field></block></value><value name="TO"><shadow type="math_number"><field name="NUM">1</field></shadow></value></block></statement><next><block type="math_selfcalcu"><field name="OP">ADD</field><value name="A"><shadow type="variables_get" id="QugW.IoY!y4XexEWu@rx"><field name="VAR">a</field></shadow><block type="variables_get"><field name="VAR">i</field></block></value><value name="B"><shadow type="math_number"><field name="NUM">1</field></shadow></value></block></next></block></statement><next><block type="variables_set"><field name="VAR">key_last_value</field><value name="VALUE"><block type="variables_get"><field name="VAR">key_current_value</field></block></value></block></next></block></next></block></next></block></next></block></next></block></next></block></next></block></statement></block><block type="procedures_defnoreturn" x="142" y="-461"><field name="NAME">lcd_refresh</field><statement name="STACK"><block type="variables_global"><value name="VAR"><block type="variables_get"><field name="VAR">map_list</field></block></value><next><block type="variables_global"><value name="VAR"><block type="variables_get"><field name="VAR">map_draw</field></block></value><next><block type="math_selfCreate"><value name="A"><shadow type="variables_get"><field name="VAR">x</field></shadow></value><value name="B"><shadow type="math_number"><field name="NUM">210</field></shadow></value><next><block type="loops_forEach"><field name="VAR">l</field><value name="LIST"><shadow type="list_many_input" id="hoL0{5(d}9-4`$7.WNAd"><field name="CONTENT">0,1,2,3</field></shadow><block type="variables_get"><field name="VAR">map_list</field></block></value><statement name="DO"><block type="math_selfCreate"><value name="A"><shadow type="variables_get"><field name="VAR">y</field></shadow></value><value name="B"><shadow type="math_number"><field name="NUM">0</field></shadow></value><next><block type="loops_forEach"><field name="VAR">data</field><value name="LIST"><shadow type="list_many_input" id="hoL0{5(d}9-4`$7.WNAd"><field name="CONTENT">0,1,2,3</field></shadow><block type="variables_get"><field name="VAR">l</field></block></value><statement name="DO"><block type="dbitmap_draw"><value name="TUR"><shadow type="variables_get" id="G^h17]:~)kmI(=p6.MI["><field name="VAR">picture</field></shadow><block type="lists_get_index"><value name="LIST"><shadow type="variables_get"><field name="VAR">map_draw</field></shadow></value><value name="AT"><shadow type="math_number" id="m}jDa?s-du3h#Qvu`v1L"><field name="NUM">0</field></shadow><block type="variables_get"><field name="VAR">data</field></block></value></block></value><value name="XPOS"><shadow type="math_number" id="3Bci{z+f#)cLn26/~=Hf"><field name="NUM">0</field></shadow><block type="variables_get"><field name="VAR">x</field></block></value><value name="YPOS"><shadow type="math_number" id="=)[muboj~z~@JmWPF42O"><field name="NUM">0</field></shadow><block type="variables_get"><field name="VAR">y</field></block></value><next><block type="math_selfcalcu"><field name="OP">ADD</field><value name="A"><shadow type="variables_get"><field name="VAR">y</field></shadow></value><value name="B"><shadow type="math_number"><field name="NUM">30</field></shadow></value></block></next></block></statement><next><block type="math_selfcalcu"><field name="OP">MINUS</field><value name="A"><shadow type="variables_get"><field name="VAR">x</field></shadow></value><value name="B"><shadow type="math_number"><field name="NUM">30</field></shadow></value></block></next></block></next></block></statement></block></next></block></next></block></next></block></statement></block><block type="machine_pin_create_pull" x="118" y="70"><field name="VAR">s1</field><field name="DIR1">Pin.IN</field><field name="DIR2">Pin.PULL_UP</field><value name="ID"><shadow type="math_number"><field name="NUM">36</field></shadow></value><next><block type="machine_pin_create_pull"><field name="VAR">s2</field><field name="DIR1">Pin.IN</field><field name="DIR2">Pin.PULL_UP</field><value name="ID"><shadow type="math_number"><field name="NUM">39</field></shadow></value><next><block type="machine_pin_create_pull"><field name="VAR">s3</field><field name="DIR1">Pin.IN</field><field name="DIR2">Pin.PULL_UP</field><value name="ID"><shadow type="math_number"><field name="NUM">34</field></shadow></value><next><block type="machine_pin_create_pull"><field name="VAR">s4</field><field name="DIR1">Pin.IN</field><field name="DIR2">Pin.PULL_UP</field><value name="ID"><shadow type="math_number"><field name="NUM">35</field></shadow></value><next><block type="lists_create_with"><mutation items="4"></mutation><field name="VAR">key_list</field><value name="ADD0"><block type="variables_get"><field name="VAR">s1</field></block></value><value name="ADD1"><block type="variables_get"><field name="VAR">s2</field></block></value><value name="ADD2"><block type="variables_get"><field name="VAR">s3</field></block></value><value name="ADD3"><block type="variables_get"><field name="VAR">s4</field></block></value><next><block type="variables_set"><field name="VAR">key_state</field><value name="VALUE"><block type="list_many_input"><field name="CONTENT">0,0,0,0</field></block></value><next><block type="variables_set"><field name="VAR">key_last_value</field><value name="VALUE"><block type="list_many_input"><field name="CONTENT">1,1,1,1</field></block></value><next><block type="screen_clear"><next><block type="loops_delay"><field name="Time">ms</field><value name="DELAY_TIME"><shadow type="math_number"><field name="NUM">1000</field></shadow></value><next><block type="dbitmap_create"><field name="VAR">qiang</field><value name="PATH"><shadow type="text"><field name="TEXT">L003_WALL_30X30</field></shadow></value><next><block type="dbitmap_create"><field name="VAR">white</field><value name="PATH"><shadow type="text"><field name="TEXT">L003_white_30X30</field></shadow></value><next><block type="dbitmap_create"><field name="VAR">boy</field><value name="PATH"><shadow type="text"><field name="TEXT">L003_BOY_30X30</field></shadow></value><next><block type="dbitmap_create"><field name="VAR">box</field><value name="PATH"><shadow type="text"><field name="TEXT">L003_BOX_30X30</field></shadow></value><next><block type="dbitmap_create"><field name="VAR">star</field><value name="PATH"><shadow type="text"><field name="TEXT">L003_STAR_30X30</field></shadow></value><next><block type="lists_create_with"><mutation items="5"></mutation><field name="VAR">map_draw</field><value name="ADD0"><block type="variables_get"><field name="VAR">white</field></block></value><value name="ADD1"><block type="variables_get"><field name="VAR">qiang</field></block></value><value name="ADD2"><block type="variables_get"><field name="VAR">star</field></block></value><value name="ADD3"><block type="variables_get"><field name="VAR">box</field></block></value><value name="ADD4"><block type="variables_get"><field name="VAR">boy</field></block></value><next><block type="variables_set"><field name="VAR">l0</field><value name="VALUE"><block type="list_many_input"><field name="CONTENT">0,0,1,1,1,1,0,0</field></block></value><next><block type="variables_set"><field name="VAR">l1</field><value name="VALUE"><block type="list_many_input"><field name="CONTENT">0,0,1,2,2,1,0,0</field></block></value><next><block type="variables_set"><field name="VAR">l2</field><value name="VALUE"><block type="list_many_input"><field name="CONTENT">0,1,1,0,2,1,1,0</field></block></value><next><block type="variables_set"><field name="VAR">l3</field><value name="VALUE"><block type="list_many_input"><field name="CONTENT">0,1,0,0,3,2,1,0</field></block></value><next><block type="variables_set"><field name="VAR">l4</field><value name="VALUE"><block type="list_many_input"><field name="CONTENT">1,1,0,3,0,0,1,1</field></block></value><next><block type="variables_set"><field name="VAR">l5</field><value name="VALUE"><block type="list_many_input"><field name="CONTENT">1,0,0,1,3,3,0,1</field></block></value><next><block type="variables_set"><field name="VAR">l6</field><value name="VALUE"><block type="list_many_input"><field name="CONTENT">1,0,4,0,0,0,0,1</field></block></value><next><block type="variables_set"><field name="VAR">l7</field><value name="VALUE"><block type="list_many_input"><field name="CONTENT">1,1,1,1,1,1,1,1</field></block></value><next><block type="lists_create_with"><mutation items="8"></mutation><field name="VAR">map_list</field><value name="ADD0"><block type="variables_get"><field name="VAR">l0</field></block></value><value name="ADD1"><block type="variables_get"><field name="VAR">l1</field></block></value><value name="ADD2"><block type="variables_get"><field name="VAR">l2</field></block></value><value name="ADD3"><block type="variables_get"><field name="VAR">l3</field></block></value><value name="ADD4"><block type="variables_get"><field name="VAR">l4</field></block></value><value name="ADD5"><block type="variables_get"><field name="VAR">l5</field></block></value><value name="ADD6"><block type="variables_get"><field name="VAR">l6</field></block></value><value name="ADD7"><block type="variables_get"><field name="VAR">l7</field></block></value><next><block type="lists_create_with"><mutation items="4"></mutation><field name="VAR">target_list</field><value name="ADD0"><block type="list_many_input"><field name="CONTENT">3,1</field></block></value><value name="ADD1"><block type="list_many_input"><field name="CONTENT">4,1</field></block></value><value name="ADD2"><block type="list_many_input"><field name="CONTENT">4,2</field></block></value><value name="ADD3"><block type="list_many_input"><field name="CONTENT">5,3</field></block></value><next><block type="math_selfCreate"><value name="A"><shadow type="variables_get"><field name="VAR">p_step</field></shadow></value><value name="B"><shadow type="math_number"><field name="NUM">1</field></shadow></value><next><block type="math_selfCreate"><value name="A"><shadow type="variables_get"><field name="VAR">boy_x</field></shadow></value><value name="B"><shadow type="math_number"><field name="NUM">2</field></shadow></value><next><block type="math_selfCreate"><value name="A"><shadow type="variables_get"><field name="VAR">boy_y</field></shadow></value><value name="B"><shadow type="math_number"><field name="NUM">6</field></shadow></value><next><block type="math_selfCreate"><value name="A"><shadow type="variables_get"><field name="VAR">x_step</field></shadow></value><value name="B"><shadow type="math_number"><field name="NUM">0</field></shadow></value><next><block type="math_selfCreate"><value name="A"><shadow type="variables_get"><field name="VAR">y_step</field></shadow></value><value name="B"><shadow type="math_number"><field name="NUM">0</field></shadow></value><next><block type="procedures_callnoreturn"><mutation name="lcd_refresh"></mutation><next><block type="loops_whileUntil"><field name="MODE">WHILE</field><value name="BOOL"><shadow type="logic_boolean"><field name="BOOL">TRUE</field></shadow></value><statement name="DO"><block type="loops_delay"><field name="Time">ms</field><value name="DELAY_TIME"><shadow type="math_number"><field name="NUM">20</field></shadow></value><next><block type="procedures_callnoreturn"><mutation name="key_scan"></mutation><next><block type="math_selfCreate"><value name="A"><shadow type="variables_get"><field name="VAR">i</field></shadow></value><value name="B"><shadow type="math_number"><field name="NUM">0</field></shadow></value><next><block type="math_selfCreate"><value name="A"><shadow type="variables_get" id="DyUHJ!1or@TSyHaL32:I"><field name="VAR">x_step</field></shadow><block type="variables_get"><field name="VAR">x_step</field></block></value><value name="B"><shadow type="math_number"><field name="NUM">0</field></shadow></value><next><block type="math_selfCreate"><value name="A"><shadow type="variables_get" id="DyUHJ!1or@TSyHaL32:I"><field name="VAR">x_step</field></shadow><block type="variables_get"><field name="VAR">y_step</field></block></value><value name="B"><shadow type="math_number"><field name="NUM">0</field></shadow></value><next><block type="loops_forEach"><field name="VAR">state</field><value name="LIST"><shadow type="list_many_input" id="q`*%~u%$Ex%-I4+QFV=/"><field name="CONTENT">0,1,2,3</field></shadow><block type="variables_get"><field name="VAR">key_state</field></block></value><statement name="DO"><block type="loops_if"><value name="IF0"><block type="logic_compare"><field name="OP">EQ</field><value name="A"><block type="variables_get"><field name="VAR">state</field></block></value><value name="B"><block type="math_number"><field name="NUM">1</field></block></value></block></value><statement name="DO0"><block type="lists_set_index"><value name="LIST"><shadow type="variables_get" id="qPQ``|:i|$RA/!e^b4+h"><field name="VAR">key_current_value</field></shadow><block type="variables_get"><field name="VAR">key_state</field></block></value><value name="AT"><shadow type="math_number" id="xOn!Y+rHsR={XoHEeBz)"><field name="NUM">0</field></shadow><block type="variables_get"><field name="VAR">i</field></block></value><value name="TO"><shadow type="math_number"><field name="NUM">0</field></shadow></value><next><block type="loops_if"><mutation elseif="3"></mutation><value name="IF0"><block type="logic_compare"><field name="OP">EQ</field><value name="A"><block type="variables_get"><field name="VAR">i</field></block></value><value name="B"><block type="math_number"><field name="NUM">0</field></block></value></block></value><statement name="DO0"><block type="math_selfCreate"><value name="A"><shadow type="variables_get" id="DyUHJ!1or@TSyHaL32:I"><field name="VAR">x_step</field></shadow><block type="variables_get"><field name="VAR">x_step</field></block></value><value name="B"><shadow type="math_number"><field name="NUM">1</field></shadow></value></block></statement><value name="IF1"><block type="logic_compare"><field name="OP">EQ</field><value name="A"><block type="variables_get"><field name="VAR">i</field></block></value><value name="B"><block type="math_number"><field name="NUM">1</field></block></value></block></value><statement name="DO1"><block type="math_selfCreate"><value name="A"><shadow type="variables_get" id="DyUHJ!1or@TSyHaL32:I"><field name="VAR">x_step</field></shadow><block type="variables_get"><field name="VAR">y_step</field></block></value><value name="B"><shadow type="math_number"><field name="NUM">1</field></shadow></value></block></statement><value name="IF2"><block type="logic_compare"><field name="OP">EQ</field><value name="A"><block type="variables_get"><field name="VAR">i</field></block></value><value name="B"><block type="math_number"><field name="NUM">2</field></block></value></block></value><statement name="DO2"><block type="math_selfCreate"><value name="A"><shadow type="variables_get" id="DyUHJ!1or@TSyHaL32:I"><field name="VAR">x_step</field></shadow><block type="variables_get"><field name="VAR">x_step</field></block></value><value name="B"><shadow type="math_number"><field name="NUM">-1</field></shadow></value></block></statement><value name="IF3"><block type="logic_compare"><field name="OP">EQ</field><value name="A"><block type="variables_get"><field name="VAR">i</field></block></value><value name="B"><block type="math_number"><field name="NUM">3</field></block></value></block></value><statement name="DO3"><block type="math_selfCreate"><value name="A"><shadow type="variables_get" id="DyUHJ!1or@TSyHaL32:I"><field name="VAR">x_step</field></shadow><block type="variables_get"><field name="VAR">y_step</field></block></value><value name="B"><shadow type="math_number"><field name="NUM">-1</field></shadow></value></block></statement></block></next></block></statement><next><block type="math_selfcalcu"><field name="OP">ADD</field><value name="A"><shadow type="variables_get" id="QugW.IoY!y4XexEWu@rx"><field name="VAR">a</field></shadow><block type="variables_get"><field name="VAR">i</field></block></value><value name="B"><shadow type="math_number"><field name="NUM">1</field></shadow></value></block></next></block></statement><next><block type="loops_if"><value name="IF0"><block type="logic_operation"><field name="OP">OR</field><value name="A"><block type="logic_compare"><field name="OP">NEQ</field><value name="A"><block type="variables_get"><field name="VAR">x_step</field></block></value><value name="B"><block type="math_number"><field name="NUM">0</field></block></value></block></value><value name="B"><block type="logic_compare"><field name="OP">NEQ</field><value name="A"><block type="variables_get"><field name="VAR">y_step</field></block></value><value name="B"><block type="math_number"><field name="NUM">0</field></block></value></block></value></block></value><statement name="DO0"><block type="loops_if"><value name="IF0"><block type="logic_compare"><field name="OP">EQ</field><value name="A"><block type="procedures_callreturn"><mutation name="boy_move_xy"><arg name="x"></arg><arg name="y"></arg><arg name="x_step"></arg><arg name="y_step"></arg></mutation><value name="ARG0"><block type="variables_get"><field name="VAR">boy_x</field></block></value><value name="ARG1"><block type="variables_get"><field name="VAR">boy_y</field></block></value><value name="ARG2"><block type="variables_get"><field name="VAR">x_step</field></block></value><value name="ARG3"><block type="variables_get"><field name="VAR">y_step</field></block></value></block></value><value name="B"><block type="math_number"><field name="NUM">0</field></block></value></block></value><statement name="DO0"><block type="math_selfcalcu"><field name="OP">ADD</field><value name="A"><shadow type="variables_get" id="Fx:pS_?uf`yyd(e11K/A"><field name="VAR">boy_y</field></shadow><block type="variables_get"><field name="VAR">boy_x</field></block></value><value name="B"><shadow type="math_number" id="0^S-Ri_P)EQx^RQy}lR^"><field name="NUM">1</field></shadow><block type="variables_get"><field name="VAR">x_step</field></block></value><next><block type="math_selfcalcu"><field name="OP">ADD</field><value name="A"><shadow type="variables_get" id="Fx:pS_?uf`yyd(e11K/A"><field name="VAR">boy_y</field></shadow><block type="variables_get"><field name="VAR">boy_y</field></block></value><value name="B"><shadow type="math_number" id="0^S-Ri_P)EQx^RQy}lR^"><field name="NUM">1</field></shadow><block type="variables_get"><field name="VAR">y_step</field></block></value></block></next></block></statement></block></statement></block></next></block></next></block></next></block></next></block></next></block></next></block></statement></block></next></block></next></block></next></block></next></block></next></block></next></block></next></block></next></block></next></block></next></block></next></block></next></block></next></block></next></block></next></block></next></block></next></block></next></block></next></block></next></block></next></block></next></block></next></block></next></block></next></block></next></block></next></block></next></block></next></block></next></block></next></block><block type="procedures_defnoreturn" x="1626" y="153"><mutation><arg name="x"></arg><arg name="y"></arg></mutation><field name="NAME">image_disp</field><statement name="STACK"><block type="math_selfCreate"><value name="A"><shadow type="variables_get"><field name="VAR">px</field></shadow></value><value name="B"><shadow type="math_number" id=".jGy:!`e9J`zx=SIiR^-"><field name="NUM">1</field></shadow><block type="math_arithmetic"><field name="OP">MINUS</field><value name="A"><shadow type="math_number"><field name="NUM">210</field></shadow></value><value name="B"><shadow type="math_number" id="I|{z6l6!nK]Q{:yx;t,H"><field name="NUM">1</field></shadow><block type="math_arithmetic"><field name="OP">MULTIPLY</field><value name="A"><shadow type="math_number" id="}0_k%c!]v_Zwit)I|*`F"><field name="NUM">1</field></shadow><block type="variables_get"><field name="VAR">y</field></block></value><value name="B"><shadow type="math_number"><field name="NUM">30</field></shadow></value></block></value></block></value><next><block type="math_selfCreate"><value name="A"><shadow type="variables_get"><field name="VAR">py</field></shadow></value><value name="B"><shadow type="math_number" id=".jGy:!`e9J`zx=SIiR^-"><field name="NUM">1</field></shadow><block type="math_arithmetic"><field name="OP">MULTIPLY</field><value name="A"><shadow type="math_number" id="}0_k%c!]v_Zwit)I|*`F"><field name="NUM">1</field></shadow><block type="variables_get"><field name="VAR">x</field></block></value><value name="B"><shadow type="math_number"><field name="NUM">30</field></shadow></value></block></value><next><block type="dbitmap_draw"><value name="TUR"><shadow type="variables_get" id="G^h17]:~)kmI(=p6.MI["><field name="VAR">image</field></shadow><block type="lists_get_index"><value name="LIST"><shadow type="variables_get"><field name="VAR">map_draw</field></shadow></value><value name="AT"><shadow type="math_number" id=";XG@ST#G0+UwW9[vwO8f"><field name="NUM">0</field></shadow><block type="lists_get_index"><value name="LIST"><shadow type="variables_get" id="Cx,3u4C(tE7)_0q_rJkr"><field name="VAR">map_draw</field></shadow><block type="lists_get_index"><value name="LIST"><shadow type="variables_get"><field name="VAR">map_list</field></shadow></value><value name="AT"><shadow type="math_number" id="i|ik+XhdGQE$MKrh,xk7"><field name="NUM">0</field></shadow><block type="variables_get"><field name="VAR">y</field></block></value></block></value><value name="AT"><shadow type="math_number" id="re(,DyDaJvu=}Jeu^O?}"><field name="NUM">0</field></shadow><block type="variables_get"><field name="VAR">x</field></block></value></block></value></block></value><value name="XPOS"><shadow type="math_number" id="3Bci{z+f#)cLn26/~=Hf"><field name="NUM">0</field></shadow><block type="variables_get"><field name="VAR">px</field></block></value><value name="YPOS"><shadow type="math_number" id="=)[muboj~z~@JmWPF42O"><field name="NUM">0</field></shadow><block type="variables_get"><field name="VAR">py</field></block></value></block></next></block></next></block></statement></block><block type="procedures_defreturn" x="810" y="283"><mutation><arg name="x"></arg><arg name="y"></arg><arg name="x_step"></arg><arg name="y_step"></arg></mutation><field name="NAME">boy_move_xy</field><statement name="STACK"><block type="variables_global"><value name="VAR"><block type="variables_get"><field name="VAR">map_list</field></block></value><next><block type="math_selfCreate"><value name="A"><shadow type="variables_get"><field name="VAR">ret</field></shadow></value><value name="B"><shadow type="math_number"><field name="NUM">-1</field></shadow></value><next><block type="math_selfCreate"><value name="A"><shadow type="variables_get"><field name="VAR">next</field></shadow></value><value name="B"><shadow type="math_number" id="}d$M@AD}qadcZGbNU3hY"><field name="NUM">1</field></shadow><block type="lists_get_index"><value name="LIST"><shadow type="variables_get" id="K2}TBb.8DK1-inW=-p4["><field name="VAR">l6</field></shadow><block type="lists_get_index"><value name="LIST"><shadow type="variables_get" id="s1c1a8UHizt`0N(UB2DG"><field name="VAR">l6</field></shadow><block type="variables_get"><field name="VAR">map_list</field></block></value><value name="AT"><shadow type="math_number" id="M9L35GnxIqGw60k^h(-5"><field name="NUM">0</field></shadow><block type="math_arithmetic"><field name="OP">ADD</field><value name="A"><shadow type="math_number" id="#g|}i5;V`pKn#kRI1[3b"><field name="NUM">1</field></shadow><block type="variables_get"><field name="VAR">y</field></block></value><value name="B"><shadow type="math_number" id="X8EI!As{v@,Ssw[I3$bE"><field name="NUM">1</field></shadow><block type="variables_get"><field name="VAR">y_step</field></block></value></block></value></block></value><value name="AT"><shadow type="math_number" id="ii20fr!BGvcU:LV,^uk)"><field name="NUM">0</field></shadow><block type="math_arithmetic"><field name="OP">ADD</field><value name="A"><shadow type="math_number" id="#g|}i5;V`pKn#kRI1[3b"><field name="NUM">1</field></shadow><block type="variables_get"><field name="VAR">x</field></block></value><value name="B"><shadow type="math_number" id="X8EI!As{v@,Ssw[I3$bE"><field name="NUM">1</field></shadow><block type="variables_get"><field name="VAR">x_step</field></block></value></block></value></block></value><next><block type="loops_if"><value name="IF0"><block type="logic_operation"><field name="OP">OR</field><value name="A"><block type="logic_compare"><field name="OP">EQ</field><value name="A"><block type="variables_get"><field name="VAR">next</field></block></value><value name="B"><block type="math_number"><field name="NUM">0</field></block></value></block></value><value name="B"><block type="logic_compare"><field name="OP">EQ</field><value name="A"><block type="variables_get"><field name="VAR">next</field></block></value><value name="B"><block type="math_number"><field name="NUM">2</field></block></value></block></value></block></value><statement name="DO0"><block type="procedures_callnoreturn"><mutation name="boy_move"><arg name="x"></arg><arg name="y"></arg><arg name="x_step"></arg><arg name="y_step"></arg></mutation><value name="ARG0"><block type="variables_get"><field name="VAR">x</field></block></value><value name="ARG1"><block type="variables_get"><field name="VAR">y</field></block></value><value name="ARG2"><block type="variables_get"><field name="VAR">x_step</field></block></value><value name="ARG3"><block type="variables_get"><field name="VAR">y_step</field></block></value><next><block type="math_selfCreate"><value name="A"><shadow type="variables_get" id="+yp7YpM[uYqpLM|6;(Ce"><field name="VAR">ret</field></shadow><block type="variables_get"><field name="VAR">ret</field></block></value><value name="B"><shadow type="math_number"><field name="NUM">0</field></shadow></value></block></next></block></statement><next><block type="loops_if"><value name="IF0"><block type="logic_compare"><field name="OP">EQ</field><value name="A"><block type="variables_get"><field name="VAR">next</field></block></value><value name="B"><block type="math_number"><field name="NUM">3</field></block></value></block></value><statement name="DO0"><block type="math_selfCreate"><value name="A"><shadow type="variables_get"><field name="VAR">next_next</field></shadow></value><value name="B"><shadow type="math_number" id="}d$M@AD}qadcZGbNU3hY"><field name="NUM">1</field></shadow><block type="lists_get_index"><value name="LIST"><shadow type="variables_get" id="K2}TBb.8DK1-inW=-p4["><field name="VAR">l6</field></shadow><block type="lists_get_index"><value name="LIST"><shadow type="variables_get" id="s1c1a8UHizt`0N(UB2DG"><field name="VAR">l6</field></shadow><block type="variables_get"><field name="VAR">map_list</field></block></value><value name="AT"><shadow type="math_number" id="M9L35GnxIqGw60k^h(-5"><field name="NUM">0</field></shadow><block type="math_arithmetic"><field name="OP">ADD</field><value name="A"><shadow type="math_number" id="#g|}i5;V`pKn#kRI1[3b"><field name="NUM">1</field></shadow><block type="variables_get"><field name="VAR">y</field></block></value><value name="B"><shadow type="math_number" id="X8EI!As{v@,Ssw[I3$bE"><field name="NUM">1</field></shadow><block type="math_arithmetic"><field name="OP">ADD</field><value name="A"><shadow type="math_number" id="#g|}i5;V`pKn#kRI1[3b"><field name="NUM">1</field></shadow><block type="variables_get"><field name="VAR">y_step</field></block></value><value name="B"><shadow type="math_number" id="X8EI!As{v@,Ssw[I3$bE"><field name="NUM">1</field></shadow><block type="variables_get"><field name="VAR">y_step</field></block></value></block></value></block></value></block></value><value name="AT"><shadow type="math_number" id="ii20fr!BGvcU:LV,^uk)"><field name="NUM">0</field></shadow><block type="math_arithmetic"><field name="OP">ADD</field><value name="A"><shadow type="math_number" id="#g|}i5;V`pKn#kRI1[3b"><field name="NUM">1</field></shadow><block type="variables_get"><field name="VAR">x</field></block></value><value name="B"><shadow type="math_number" id="X8EI!As{v@,Ssw[I3$bE"><field name="NUM">1</field></shadow><block type="math_arithmetic"><field name="OP">ADD</field><value name="A"><shadow type="math_number" id="#g|}i5;V`pKn#kRI1[3b"><field name="NUM">1</field></shadow><block type="variables_get"><field name="VAR">x_step</field></block></value><value name="B"><shadow type="math_number" id="X8EI!As{v@,Ssw[I3$bE"><field name="NUM">1</field></shadow><block type="variables_get"><field name="VAR">x_step</field></block></value></block></value></block></value></block></value><next><block type="loops_if"><value name="IF0"><block type="logic_operation"><field name="OP">OR</field><value name="A"><block type="logic_compare"><field name="OP">EQ</field><value name="A"><block type="variables_get"><field name="VAR">next_next</field></block></value><value name="B"><block type="math_number"><field name="NUM">0</field></block></value></block></value><value name="B"><block type="logic_compare"><field name="OP">EQ</field><value name="A"><block type="variables_get"><field name="VAR">next_next</field></block></value><value name="B"><block type="math_number"><field name="NUM">2</field></block></value></block></value></block></value><statement name="DO0"><block type="procedures_callnoreturn"><mutation name="boy_move"><arg name="x"></arg><arg name="y"></arg><arg name="x_step"></arg><arg name="y_step"></arg></mutation><value name="ARG0"><block type="math_arithmetic"><field name="OP">ADD</field><value name="A"><shadow type="math_number" id="#g|}i5;V`pKn#kRI1[3b"><field name="NUM">1</field></shadow><block type="variables_get"><field name="VAR">x</field></block></value><value name="B"><shadow type="math_number" id="X8EI!As{v@,Ssw[I3$bE"><field name="NUM">1</field></shadow><block type="variables_get"><field name="VAR">x_step</field></block></value></block></value><value name="ARG1"><block type="math_arithmetic"><field name="OP">ADD</field><value name="A"><shadow type="math_number" id="#g|}i5;V`pKn#kRI1[3b"><field name="NUM">1</field></shadow><block type="variables_get"><field name="VAR">y</field></block></value><value name="B"><shadow type="math_number" id="X8EI!As{v@,Ssw[I3$bE"><field name="NUM">1</field></shadow><block type="variables_get"><field name="VAR">y_step</field></block></value></block></value><value name="ARG2"><block type="variables_get"><field name="VAR">x_step</field></block></value><value name="ARG3"><block type="variables_get"><field name="VAR">y_step</field></block></value><next><block type="procedures_callnoreturn"><mutation name="boy_move"><arg name="x"></arg><arg name="y"></arg><arg name="x_step"></arg><arg name="y_step"></arg></mutation><value name="ARG0"><block type="variables_get"><field name="VAR">x</field></block></value><value name="ARG1"><block type="variables_get"><field name="VAR">y</field></block></value><value name="ARG2"><block type="variables_get"><field name="VAR">x_step</field></block></value><value name="ARG3"><block type="variables_get"><field name="VAR">y_step</field></block></value><next><block type="math_selfCreate"><value name="A"><shadow type="variables_get" id="+yp7YpM[uYqpLM|6;(Ce"><field name="VAR">ret</field></shadow><block type="variables_get"><field name="VAR">ret</field></block></value><value name="B"><shadow type="math_number"><field name="NUM">0</field></shadow></value></block></next></block></next></block></statement></block></next></block></statement></block></next></block></next></block></next></block></next></block></statement><value name="RETURN"><block type="variables_get"><field name="VAR">ret</field></block></value></block></xml>