<xml xmlns="http://www.w3.org/1999/xhtml"><block type="machine_pin_create_mode" x="-552" y="-357"><field name="VAR">S1</field><field name="DIR">Pin.IN</field><value name="ID"><shadow type="math_number"><field name="NUM">36</field></shadow></value><next><block type="machine_pin_create_mode"><field name="VAR">S2</field><field name="DIR">Pin.IN</field><value name="ID"><shadow type="math_number"><field name="NUM">39</field></shadow></value><next><block type="machine_pin_create_mode"><field name="VAR">S3</field><field name="DIR">Pin.IN</field><value name="ID"><shadow type="math_number"><field name="NUM">34</field></shadow></value><next><block type="variables_set"><field name="VAR">s1_last_value</field><value name="VALUE"><block type="math_number"><field name="NUM">1</field></block></value><next><block type="variables_set"><field name="VAR">s2_last_value</field><value name="VALUE"><block type="math_number"><field name="NUM">1</field></block></value><next><block type="variables_set"><field name="VAR">s3_last_value</field><value name="VALUE"><block type="math_number"><field name="NUM">1</field></block></value><next><block type="procedures_callnoreturn"><mutation name="main"></mutation></block></next></block></next></block></next></block></next></block></next></block></next></block><block type="procedures_defreturn" x="120" y="-377"><mutation><arg name="key_value"></arg><arg name="random_value"></arg></mutation><field name="NAME">result_check</field><statement name="STACK"><block type="variables_set"><field name="VAR">result</field><value name="VALUE"><block type="text"><field name="TEXT">负</field></block></value><next><block type="variables_set"><field name="VAR">diff_value</field><value name="VALUE"><block type="math_arithmetic"><field name="OP">MINUS</field><value name="A"><shadow type="math_number" id="9}mY%iNu:B3Wb-{HySF`"><field name="NUM">1</field></shadow><block type="variables_get"><field name="VAR">key_value</field></block></value><value name="B"><shadow type="math_number" id="[$RI/x5l1k;loW!]$7!M"><field name="NUM">1</field></shadow><block type="variables_get"><field name="VAR">random_value</field></block></value></block></value><next><block type="loops_if"><value name="IF0"><block type="logic_compare"><field name="OP">EQ</field><value name="A"><block type="variables_get"><field name="VAR">diff_value</field></block></value><value name="B"><block type="math_number"><field name="NUM">0</field></block></value></block></value><statement name="DO0"><block type="variables_set"><field name="VAR">result</field><value name="VALUE"><block type="text"><field name="TEXT">胜</field></block></value></block></statement><next><block type="loops_if"><value name="IF0"><block type="logic_operation"><field name="OP">OR</field><value name="A"><block type="logic_compare"><field name="OP">EQ</field><value name="A"><block type="variables_get"><field name="VAR">diff_value</field></block></value><value name="B"><block type="math_number"><field name="NUM">1</field></block></value></block></value><value name="B"><block type="logic_compare"><field name="OP">EQ</field><value name="A"><block type="variables_get"><field name="VAR">diff_value</field></block></value><value name="B"><block type="math_number"><field name="NUM">-2</field></block></value></block></value></block></value><statement name="DO0"><block type="variables_set"><field name="VAR">result</field><value name="VALUE"><block type="text"><field name="TEXT">胜</field></block></value></block></statement></block></next></block></next></block></next></block></statement><value name="RETURN"><block type="variables_get"><field name="VAR">result</field></block></value></block><block type="procedures_defreturn" x="859" y="-392"><field name="NAME">get_key</field><statement name="STACK"><block type="variables_global"><value name="VAR"><block type="variables_get"><field name="VAR">s1_last_value</field></block></value><next><block type="variables_global"><value name="VAR"><block type="variables_get"><field name="VAR">s2_last_value</field></block></value><next><block type="variables_global"><value name="VAR"><block type="variables_get"><field name="VAR">s3_last_value</field></block></value><next><block type="variables_set"><field name="VAR">s1_current_value</field><value name="VALUE"><block type="machine_pin_value"><value name="TUR"><shadow type="variables_get"><field name="VAR">S1</field></shadow></value></block></value><next><block type="variables_set"><field name="VAR">s2_current_value</field><value name="VALUE"><block type="machine_pin_value"><value name="TUR"><shadow type="variables_get"><field name="VAR">S2</field></shadow></value></block></value><next><block type="variables_set"><field name="VAR">s3_current_value</field><value name="VALUE"><block type="machine_pin_value"><value name="TUR"><shadow type="variables_get"><field name="VAR">S3</field></shadow></value></block></value><next><block type="variables_set"><field name="VAR">key_value</field><value name="VALUE"><block type="math_number"><field name="NUM">0</field></block></value><next><block type="loops_if"><value name="IF0"><block type="logic_operation"><field name="OP">AND</field><value name="A"><block type="logic_compare"><field name="OP">EQ</field><value name="A"><block type="variables_get"><field name="VAR">s1_last_value</field></block></value><value name="B"><block type="math_number"><field name="NUM">1</field></block></value></block></value><value name="B"><block type="logic_compare"><field name="OP">EQ</field><value name="A"><block type="variables_get"><field name="VAR">s1_current_value</field></block></value><value name="B"><block type="math_number"><field name="NUM">0</field></block></value></block></value></block></value><statement name="DO0"><block type="variables_set"><field name="VAR">key_value</field><value name="VALUE"><block type="math_number"><field name="NUM">1</field></block></value></block></statement><next><block type="loops_if"><value name="IF0"><block type="logic_operation"><field name="OP">AND</field><value name="A"><block type="logic_compare"><field name="OP">EQ</field><value name="A"><block type="variables_get"><field name="VAR">s2_last_value</field></block></value><value name="B"><block type="math_number"><field name="NUM">1</field></block></value></block></value><value name="B"><block type="logic_compare"><field name="OP">EQ</field><value name="A"><block type="variables_get"><field name="VAR">s2_current_value</field></block></value><value name="B"><block type="math_number"><field name="NUM">0</field></block></value></block></value></block></value><statement name="DO0"><block type="variables_set"><field name="VAR">key_value</field><value name="VALUE"><block type="math_number"><field name="NUM">2</field></block></value></block></statement><next><block type="loops_if"><value name="IF0"><block type="logic_operation"><field name="OP">AND</field><value name="A"><block type="logic_compare"><field name="OP">EQ</field><value name="A"><block type="variables_get"><field name="VAR">s3_last_value</field></block></value><value name="B"><block type="math_number"><field name="NUM">1</field></block></value></block></value><value name="B"><block type="logic_compare"><field name="OP">EQ</field><value name="A"><block type="variables_get"><field name="VAR">s3_current_value</field></block></value><value name="B"><block type="math_number"><field name="NUM">0</field></block></value></block></value></block></value><statement name="DO0"><block type="variables_set"><field name="VAR">key_value</field><value name="VALUE"><block type="math_number"><field name="NUM">3</field></block></value></block></statement><next><block type="variables_set"><field name="VAR">s1_last_value</field><value name="VALUE"><block type="variables_get"><field name="VAR">s1_current_value</field></block></value><next><block type="variables_set"><field name="VAR">s2_last_value</field><value name="VALUE"><block type="variables_get"><field name="VAR">s2_current_value</field></block></value><next><block type="variables_set"><field name="VAR">s3_last_value</field><value name="VALUE"><block type="variables_get"><field name="VAR">s3_current_value</field></block></value></block></next></block></next></block></next></block></next></block></next></block></next></block></next></block></next></block></next></block></next></block></next></block></next></block></statement><value name="RETURN"><block type="variables_get"><field name="VAR">key_value</field></block></value></block><block type="procedures_defnoreturn" x="-547" y="-69"><field name="NAME">main</field><statement name="STACK"><block type="tuple_create_with"><mutation items="3"></mutation><field name="VAR">mytup</field><value name="ADD0"><block type="text"><field name="TEXT">石头</field></block></value><value name="ADD1"><block type="text"><field name="TEXT">剪刀</field></block></value><value name="ADD2"><block type="text"><field name="TEXT">布</field></block></value><next><block type="screen_clear"><next><block type="dtext_draw"><field name="COLOR">#ff0000</field><value name="data"><shadow type="text"><field name="TEXT">猜拳游戏</field></shadow></value><value name="XPOS"><shadow type="math_number"><field name="NUM">100</field></shadow></value><value name="YPOS"><shadow type="math_number"><field name="NUM">0</field></shadow></value><next><block type="loops_whileUntil"><field name="MODE">WHILE</field><value name="BOOL"><shadow type="logic_boolean"><field name="BOOL">TRUE</field></shadow></value><statement name="DO"><block type="loops_delay"><field name="Time">ms</field><value name="DELAY_TIME"><shadow type="math_number"><field name="NUM">50</field></shadow></value><next><block type="variables_set"><field name="VAR">key_value</field><value name="VALUE"><block type="procedures_callreturn"><mutation name="get_key"></mutation></block></value><next><block type="loops_if"><value name="IF0"><block type="logic_compare"><field name="OP">NEQ</field><value name="A"><block type="variables_get"><field name="VAR">key_value</field></block></value><value name="B"><block type="math_number"><field name="NUM">0</field></block></value></block></value><statement name="DO0"><block type="variables_set"><field name="VAR">random_value</field><value name="VALUE"><block type="math_random"><field name="TYPE">int</field><value name="FROM"><shadow type="math_number"><field name="NUM">1</field></shadow></value><value name="TO"><shadow type="math_number"><field name="NUM">3</field></shadow></value></block></value><next><block type="variables_set"><field name="VAR">result</field><value name="VALUE"><block type="procedures_callreturn"><mutation name="result_check"><arg name="key_value"></arg><arg name="random_value"></arg></mutation><value name="ARG0"><block type="variables_get"><field name="VAR">key_value</field></block></value><value name="ARG1"><block type="variables_get"><field name="VAR">random_value</field></block></value></block></value><next><block type="screen_clear"><next><block type="dtext_draw"><field name="COLOR">#ff0000</field><value name="data"><shadow type="text"><field name="TEXT">猜拳游戏</field></shadow></value><value name="XPOS"><shadow type="math_number"><field name="NUM">100</field></shadow></value><value name="YPOS"><shadow type="math_number"><field name="NUM">0</field></shadow></value><next><block type="dtext_draw"><field name="COLOR">#ff0000</field><value name="data"><shadow type="text" id="}q/Q6)gi|ko%.-gcX/nz"><field name="TEXT">猜拳游戏</field></shadow><block type="tuple_get_Index"><value name="TUP"><shadow type="variables_get"><field name="VAR">mytup</field></shadow></value><value name="AT"><shadow type="math_number" id="}e~o4v[S-OgJV(Y?vUXZ"><field name="NUM">0</field></shadow><block type="math_arithmetic"><field name="OP">MINUS</field><value name="A"><shadow type="math_number" id="hjc%HY8]+#+D6X*t:MN#"><field name="NUM">1</field></shadow><block type="variables_get"><field name="VAR">key_value</field></block></value><value name="B"><shadow type="math_number"><field name="NUM">1</field></shadow></value></block></value></block></value><value name="XPOS"><shadow type="math_number"><field name="NUM">20</field></shadow></value><value name="YPOS"><shadow type="math_number"><field name="NUM">24</field></shadow></value><next><block type="dtext_draw"><field name="COLOR">#ff0000</field><value name="data"><shadow type="text" id="H`d;zlmQr#;b7Df7Al=b"><field name="TEXT">猜拳游戏</field></shadow><block type="tuple_get_Index"><value name="TUP"><shadow type="variables_get"><field name="VAR">mytup</field></shadow></value><value name="AT"><shadow type="math_number" id="}e~o4v[S-OgJV(Y?vUXZ"><field name="NUM">0</field></shadow><block type="math_arithmetic"><field name="OP">MINUS</field><value name="A"><shadow type="math_number" id="hjc%HY8]+#+D6X*t:MN#"><field name="NUM">1</field></shadow><block type="variables_get"><field name="VAR">random_value</field></block></value><value name="B"><shadow type="math_number"><field name="NUM">1</field></shadow></value></block></value></block></value><value name="XPOS"><shadow type="math_number"><field name="NUM">150</field></shadow></value><value name="YPOS"><shadow type="math_number"><field name="NUM">24</field></shadow></value><next><block type="dtext_draw"><field name="COLOR">#ff0000</field><value name="data"><shadow type="text" id="1:Rip)b0H`CLMLUo@$;R"><field name="TEXT">猜拳游戏</field></shadow><block type="variables_get"><field name="VAR">result</field></block></value><value name="XPOS"><shadow type="math_number"><field name="NUM">100</field></shadow></value><value name="YPOS"><shadow type="math_number"><field name="NUM">50</field></shadow></value></block></next></block></next></block></next></block></next></block></next></block></next></block></statement></block></next></block></next></block></statement></block></next></block></next></block></next></block></statement></block><block type="loops_delay" x="200" y="1672"><field name="Time">ms</field><value name="DELAY_TIME"><shadow type="math_number"><field name="NUM">50</field></shadow></value></block></xml>