<xml xmlns="http://www.w3.org/1999/xhtml"><block type="procedures_defnoreturn" x="108" y="-358"><mutation><arg name="x"></arg><arg name="y"></arg><arg name="w"></arg><arg name="h"></arg><arg name="color"></arg></mutation><field name="NAME">rect</field><statement name="STACK"><block type="turtle_penup"><field name="DIR">penup</field><value name="TUR"><shadow type="variables_get"><field name="VAR">turtle</field></shadow></value><next><block type="turtle_goto"><value name="TUR"><shadow type="variables_get"><field name="VAR">turtle</field></shadow></value><value name="data"><shadow type="math_number" id="mFqYj-]C),G-me]JVN0C"><field name="NUM">20</field></shadow><block type="variables_get"><field name="VAR">x</field></block></value><value name="val"><shadow type="math_number" id="]ZgwG^CUoya:{e?P`PFZ"><field name="NUM">20</field></shadow><block type="variables_get"><field name="VAR">y</field></block></value><next><block type="turtle_penup"><field name="DIR">pendown</field><value name="TUR"><shadow type="variables_get"><field name="VAR">turtle</field></shadow></value><next><block type="turtle_pencolor"><value name="TUR"><shadow type="variables_get"><field name="VAR">turtle</field></shadow></value><value name="VAR"><shadow type="text" id="2~J[Is]YK,-X1/jZGN`s"><field name="TEXT">red</field></shadow><block type="variables_get"><field name="VAR">color</field></block></value><next><block type="loops_forEach"><field name="VAR">i</field><value name="LIST"><shadow type="list_many_input"><field name="CONTENT">0,1</field></shadow></value><statement name="DO"><block type="turtle_move"><value name="TUR"><shadow type="variables_get"><field name="VAR">turtle</field></shadow></value><value name="data"><shadow type="math_number" id="T3VF4bI{9G2)A-ndU{e8"><field name="NUM">50</field></shadow><block type="variables_get"><field name="VAR">h</field></block></value><next><block type="turtle_turn"><field name="DIR">right</field><value name="TUR"><shadow type="variables_get"><field name="VAR">turtle</field></shadow></value><value name="data"><shadow type="math_number"><field name="NUM">90</field></shadow></value><next><block type="turtle_move"><value name="TUR"><shadow type="variables_get"><field name="VAR">turtle</field></shadow></value><value name="data"><shadow type="math_number" id="T3VF4bI{9G2)A-ndU{e8"><field name="NUM">50</field></shadow><block type="variables_get"><field name="VAR">w</field></block></value><next><block type="turtle_turn"><field name="DIR">right</field><value name="TUR"><shadow type="variables_get"><field name="VAR">turtle</field></shadow></value><value name="data"><shadow type="math_number"><field name="NUM">90</field></shadow></value></block></next></block></next></block></next></block></statement></block></next></block></next></block></next></block></next></block></statement></block><block type="turtle_create" x="513" y="-375"><field name="VAR">turtle</field><next><block type="math_selfCreate"><value name="A"><shadow type="variables_get"><field name="VAR">w</field></shadow></value><value name="B"><shadow type="math_number"><field name="NUM">250</field></shadow></value><next><block type="math_selfCreate"><value name="A"><shadow type="variables_get"><field name="VAR">h</field></shadow></value><value name="B"><shadow type="math_number"><field name="NUM">50</field></shadow></value><next><block type="math_selfCreate"><value name="A"><shadow type="variables_get"><field name="VAR">x</field></shadow></value><value name="B"><shadow type="math_number"><field name="NUM">25</field></shadow></value><next><block type="math_selfCreate"><value name="A"><shadow type="variables_get"><field name="VAR">y</field></shadow></value><value name="B"><shadow type="math_number"><field name="NUM">125</field></shadow></value><next><block type="loops_forEach"><field name="VAR">color</field><value name="LIST"><shadow type="list_many_input"><field name="CONTENT">'black', 'red', 'yellow'</field></shadow></value><statement name="DO"><block type="text_print"><value name="data"><shadow type="text" id="R!rS8G[V+/I`GZx3:jK@"><field name="TEXT">draw black</field></shadow><block type="text_join"><value name="A"><shadow type="text"><field name="TEXT">draw</field></shadow></value><value name="B"><shadow type="text" id="3$5SHtf*75{-DH!]Z}Z_"><field name="TEXT">NEUIBIT</field></shadow><block type="variables_get"><field name="VAR">color</field></block></value></block></value><next><block type="turtle_fillcolor"><value name="TUR"><shadow type="variables_get"><field name="VAR">turtle</field></shadow></value><value name="VAR"><shadow type="text" id="kAe9_pBGW*%r!qi~Ra1K"><field name="TEXT">black</field></shadow><block type="variables_get"><field name="VAR">color</field></block></value><next><block type="turtle_beginfill"><field name="DIR">begin_fill</field><value name="TUR"><shadow type="variables_get"><field name="VAR">turtle</field></shadow></value><next><block type="procedures_callnoreturn"><mutation name="rect"><arg name="x"></arg><arg name="y"></arg><arg name="w"></arg><arg name="h"></arg><arg name="color"></arg></mutation><value name="ARG0"><block type="variables_get"><field name="VAR">x</field></block></value><value name="ARG1"><block type="variables_get"><field name="VAR">y</field></block></value><value name="ARG2"><block type="variables_get"><field name="VAR">w</field></block></value><value name="ARG3"><block type="variables_get"><field name="VAR">h</field></block></value><value name="ARG4"><block type="variables_get"><field name="VAR">color</field></block></value><next><block type="turtle_beginfill"><field name="DIR">end_fill</field><value name="TUR"><shadow type="variables_get"><field name="VAR">turtle</field></shadow></value><next><block type="math_selfcalcu"><field name="OP">MINUS</field><value name="A"><shadow type="variables_get"><field name="VAR">x</field></shadow></value><value name="B"><shadow type="math_number" id="k{,Pu+f?QkCC1lZ)dg76"><field name="NUM">50</field></shadow><block type="variables_get"><field name="VAR">h</field></block></value></block></next></block></next></block></next></block></next></block></next></block></statement></block></next></block></next></block></next></block></next></block></next></block></xml>